Sex;Ancestry;PH.Lesion.status;CO.R.Lesion.status;CO.L.Lesion.Status;Tib.L.lesion.status;Tib.R.lesion.status;AgeGroup;PH.Severity;CO.R.Severity;CO.L.Severity;Tib.L.Severity;Tib.R.severity;FL.Left;FL.Right;T1.AP;T1.TR;T2.AP;T2.TR;T3.AP;T3.TR;T4.AP;T4.TR;T5.AP;T5.TR;T6.AP;T6.TR;T7.AP;T7.TR;T8.AP;T8.TR;T9.AP;T9.TR;T10.AP;T10.TR;T11.TR;T12.TR;L1.TR;L2.TR;L3.AP;L3.TR
M;;H;0;0;;H;4;1;0;0;1;1;449;445;12.96;20.47;13.82;;;15.77;15.27;16.34;13.73;15.99;14.38;17.03;13.62;17.96;13.09;17.22;12.39;;13.1;;17.03;20.15;;23.35;12.47;
F;;0;;0;;;2;0;0;0;;0;415;415;13.28;20.47;13.29;;13.78;;13.65;;14.07;;14.09;15.43;14.77;;14.4;16.29;14.45;16.57;15.49;17.79;;22.43;22.51;22.16;16.91;23.04
;W;0;H;H;;;;0;;;0;1;448;451;;;16.27;;16.43;18.12;17.4;17.54;17.43;;16.74;16.35;;17.86;;19.4;16.92;20.27;17.04;;22.79;;26.2;;15.92;
;;0;0;0;H;0;2;0;0;0;1;0;459;457;14.74;20.17;14.89;17.06;15.21;15.4;15.55;14.44;15.95;14.07;15.14;14.1;15.89;;15.92;15.34;15.39;;16.58;;;;;23.96;14.39;
M;W;;0;0;;0;;0;0;0;;0;458;456;;21.68;16.29;;;17.57;15.95;;16.98;16.4;;;;16.76;;;17.09;17.63;18.23;18.43;19.5;22.76;;24.8;15.77;24.37
F;W;H;;;M;;;;;1;;;415;;;20.92;15.06;;15.42;;;;17.18;17.75;16.7;17.36;16.1;;;;16.51;17.5;16.63;;;20.3;21.59;22.35;;21.78
F;B;;;0;0;0;2;0;0;0;;0;426;421;14.28;20.9;14.48;17.12;;16.39;14.72;16.14;15.12;;15.09;15.64;14.71;15.33;14.29;;;15.78;;15.81;15.57;17.95;18.22;18.84;16.02;19.73
F;B;0;0;0;0;H;;;0;0;;1;425;421;13.04;;13.34;17.31;14.87;15.17;;14.12;;14.08;14.87;13.88;14.67;14.25;15.58;14.6;;14.83;;14.97;;18.22;18.49;18.67;13.29;18.32
;;0;;0;H;H;3;0;;0;1;1;451;454;;;16.88;;17.3;;;19.48;;;;;19.26;;19.65;;;;17.61;21.91;;24.4;25.99;;20.95;26.7
F;;0;0;0;0;0;1;0;0;0;0;0;384;386;12.25;19.25;12.83;16.05;12.58;14.46;13.12;13.77;13.47;13.03;12.46;13.05;13.51;13.15;;13.43;13.36;13.42;13.83;13.95;15.11;17.01;19.24;19.56;12.44;19.04
;;0;;0;0;0;;0;;0;;0;423;426;15.71;22.92;;19.93;16.2;;;;;;15.98;16.67;16.26;16.84;;17.04;;;;17.25;;;;;;22.82
;B;0;0;0;;;2;0;;0;;1;459;;13.91;23;14.74;18.58;14.57;16.33;14.81;15.78;15.45;15.48;15.93;15.17;14.61;15.08;15.56;15.04;14.99;15.21;14.9;15.88;;;23.13;;;23.67
F;B;0;0;;H;;1;0;;0;1;1;424;425;;18.59;14;;14.54;15.08;13.63;13.74;14.19;12.8;;12.52;;12.65;13.44;12.83;14.15;13.18;13.49;14.41;15.76;18.17;;;14.29;20.45
;;H;0;0;;H;;;;0;1;1;448;442;13.84;;14.98;17.98;15.16;16.49;15.17;;;;;15.57;15.48;15.21;;15.36;;15.16;15.44;;;19.96;;20.53;;21.21
F;W;H;;0;M;0;2;;0;0;;0;395;393;14.09;;14.75;;14.53;16.28;14.65;15.45;16.11;14.17;15.18;15.15;;15.19;14.7;;;16.19;;;17.13;19.08;21.21;21.96;;22.62
M;W;;0;H;;0;1;0;;1;0;;420;427;13.95;21.22;;17.93;13.69;16.78;14.16;16.41;14.57;15.26;14.01;;;15.77;14.26;;14.32;;14.78;;17.17;;22.19;21.88;15.56;21.23
F;;0;0;0;;H;2;;0;0;;;391;397;13.81;20.03;13.76;16.42;13.1;;14.09;;14.46;15.33;14.26;;;;14.3;15.39;14.07;15.18;;15.31;15.23;17.96;20.03;;14.7;20.34
M;W;0;0;0;0;;1;0;0;0;0;0;454;;15.82;;;18.83;;17.68;15.33;;15.96;;;;;16.38;;17.05;16.72;17.39;;17.47;18.29;20.69;22.7;;;23.32
F;W;H;;0;;M;2;0;0;0;1;1;388;386;13.97;22.12;15.4;;16.17;19.33;;18.3;;18.45;16.91;;;;;;16.08;;;17.82;19.28;;23.75;23.8;;23.47
M;;H;0;0;;H;;1;;0;;1;451;;;19.49;14.01;16.34;13.24;15.84;14.34;15.02;14.81;14.91;12.69;13.86;12.99;13.82;13.2;14.22;12.81;14.05;12.85;;15.82;19.91;22.96;23.11;14.3;23.36
M;W;0;H;;0;0;;0;1;1;0;0;410;406;;;;;;18.66;16.3;;;16.47;16.07;16.95;15.66;17.5;15.4;;14.92;;;;17.98;;;;;24.7
M;W;H;;H;;M;3;;1;;1;1;503;502;;20.68;14.44;;14.21;17.06;14.67;;15.03;15.68;14.18;15.05;14.13;15.71;;;;15.92;15.03;16.1;16.96;;22.86;21.09;;21.7
;W;H;;;;;;0;0;0;;;462;458;13.93;;;17.46;15.35;;;16.11;15.86;16.53;;;;16.6;15.19;;;;14.98;;;21.88;21.91;21.52;14.7;21.36
M;W;0;0;;;0;;0;0;;;0;481;481;;;;;16.78;20.35;;;;;16.58;18.59;16.48;19.42;16.55;19.86;;;17.08;;22.68;;;30.5;;30.1
;W;;0;0;0;;2;0;0;0;0;;419;417;16.72;;15.75;17.13;;16.86;;15.92;16.79;;15.29;14.96;15.69;14.61;;14.12;14.72;;;15.13;;19.66;20.71;20.54;;21.03
M;W;0;0;0;H;;;0;;0;1;;489;410;16.1;;15.83;;;18.32;16.94;;;15.96;;15.95;16.17;16.45;;;16.42;17.28;;;17.32;20.49;22.02;;15.7;
M;B;H;0;;;H;;;;0;;1;503;;14.19;20.31;13.8;16.75;14;14.65;13.13;14.3;13.76;14.33;13.71;14.14;13;14.24;;14.18;13.66;15.28;;15.56;16.48;;21.22;;;
;B;0;0;0;0;A;1;0;0;0;0;;449;;;19.01;13.1;16.38;12.69;;12.42;15.3;13.64;14.56;13.09;14.41;13.4;;13.56;14.59;13.42;;15.42;14.81;16.35;18.16;19.92;20.34;;20
M;W;;0;0;H;;2;2;0;0;1;;457;455;15.72;21.69;15.62;18.38;;;15.5;;;16.73;15.81;16.88;;;15.76;16.96;14.9;;15.85;;17.71;;22.83;23.79;15.47;24.39
M;;;;0;0;;3;;;0;0;;465;462;14.36;21.34;13.66;19.86;14.26;;14.32;18.49;13.91;;13.79;;13.78;16.18;12.95;16.19;14.17;16.38;;;17.58;20.55;;22.2;15.03;22.6
M;;0;0;;H;H;2;0;;1;1;;486;;;20.88;;17.75;14.14;;15.22;16.03;;16.06;;;;15.24;;15.24;16.19;;;;;23.22;;;;
F;W;0;;;0;;;0;;;0;0;397;396;12.34;;;18.1;13.75;;13.86;16.17;14.21;;14.02;15.58;14.68;15.53;;16.67;14.48;17.1;14.45;17.54;;19.81;;20.84;14.35;21.16
M;W;0;0;0;H;;;0;0;;1;;486;488;15.39;;15.04;17.42;15.19;15.54;14.86;14.96;17.04;14.34;17.32;14.94;;15.35;15.31;16.12;15.18;16.24;16.62;;;19.99;21.93;;;22.69
M;;;;H;0;;2;0;0;;0;0;;470;15.22;22.62;15.12;;15.36;;;;15.81;16.28;;16.32;;;15.57;17.35;15.24;18.09;15.65;17.87;19.71;22.71;;;16.54;21.94
;W;;0;0;M;0;;;0;0;1;0;;;15.25;23.18;16.48;;16.52;18.17;;17.28;18.1;;;;;17.14;;17.25;;17.8;;18.23;20.24;24.55;27.07;;20.43;
;B;H;0;0;0;;1;1;0;;0;3;471;460;16.21;24.93;;20.3;;;14.42;;14.04;17.61;14.26;17.58;14.75;;14.91;;;;13.92;;18.58;20.96;;23.02;;20.87
;W;0;0;0;0;H;2;0;0;0;0;;465;465;14.17;19.31;;16.89;13.34;16.16;13.35;15.53;13.17;15.8;13.73;15.91;13.34;;13.37;16.08;14.12;15.73;13.23;15.64;;19.81;;22.05;14.17;21.88
F;;0;0;0;H;;2;0;0;;2;3;;;15.25;21.25;;;14.91;18.09;15.04;;15.52;17.21;15.52;16.96;15.85;;15.2;17.33;15.09;17.5;;16.62;18.6;21.4;23.96;24.9;16.46;24.87
;W;0;0;0;0;H;4;0;0;0;0;1;431;426;15.16;21.34;15.26;19.16;;18.24;;;16.52;;;;15.96;;;17.55;;;;;;20.94;;23.61;16.84;24.59
;;0;0;;H;H;4;0;;0;2;;486;463;14.38;21.42;;;;18.09;16.28;17.26;16.31;;13.3;;15.16;18.67;15.64;18.56;13.84;18.43;14.5;;19.43;21.95;24.38;25.02;15.85;
M;W;0;;0;H;;;0;;0;;1;458;458;;;15.08;21.34;15.18;18.1;15.57;17.37;15.65;;15.3;;15.04;;14.62;;14.48;;15.07;16.85;18.33;;23.17;;;
M;W;0;;0;0;0;2;;;0;0;0;432;430;15.21;;;19.11;;;;17.74;18.67;18.29;18.22;18.54;;;;19.21;17.78;20.86;;;19.64;;26.14;;18.07;25.18
M;W;0;;H;0;;2;0;;1;;0;423;422;;22.55;17.52;19.14;;;;18.35;;18.64;17.16;;17.48;;;;17.25;;;;;;;23.95;14.86;24.11
;W;;H;H;0;0;2;0;3;;0;;456;;13.65;22.98;14.02;;14.63;;14.93;;15.49;17.4;;17.13;15.94;;;;14.82;17.97;;;19.87;;22.91;22.48;16.29;
M;;0;;;H;0;3;0;;;;0;409;420;14.03;21.58;;17.99;15.14;;;;;16.08;16.5;16.04;15.52;;;;15.43;17.79;15.7;18.15;18.71;21.14;;;14.72;
M;B;0;;;;H;3;0;0;0;1;;440;428;;20.28;15.28;18.39;14.26;;;;14.72;16.15;;16.2;15.01;16.1;14.22;16.07;14.14;16.44;;16.62;17.74;21.33;22.96;23.81;14.71;23.91
M;W;0;0;0;;H;2;0;0;0;;1;;;14.4;;14.52;19.42;15.55;;;17.85;15.87;17.63;15.96;;15.23;;;17.84;;17.45;14.81;;;;21.41;20.77;13.65;21.14
M;;0;H;;0;0;4;0;2;;0;0;;;;;16.61;24.31;16.1;19.69;17.21;;;;;;17.53;19;16.57;19.29;15.88;19.03;;19.93;;22.77;25.75;;16.02;25.54
F;;;H;H;;0;1;0;;1;0;;409;406;;20.11;;17.17;15.82;15.46;15.58;15.72;15.37;15.22;15.24;14.79;14.84;15.19;;;14.93;15.68;;15.96;17.32;20.14;21.02;20.98;;20.88
M;;;;0;;0;2;0;0;0;0;0;447;451;15.54;22.57;15.09;;;18.79;;;17.53;;;17.76;;;16.86;17.72;;17.39;16.88;17.56;;24.34;26.38;25.19;;
M;B;0;0;0;;;;0;;0;;1;464;;13.28;20.6;;17.97;14.77;15.96;;15.89;15.7;;14.46;13.65;;13.57;14.31;13.2;;13.62;;13.86;15.4;19.29;22.22;23.91;16.41;
F;W;0;H;H;0;H;2;0;1;2;0;1;436;436;;;;;16.33;17.96;16.72;;;;;17.63;17.02;;;17.95;;18.63;17.4;18.91;;;22.16;22.56;;22.17
M;B;0;;;;0;2;0;0;0;;0;;471;14.27;21.73;15.22;;14.83;;;18.04;15.9;18.27;14.89;17.83;15.29;;15.04;;14.39;;;14.61;13.69;16.94;20.62;;15.29;22.13
M;;0;0;0;0;0;2;0;0;0;;0;403;404;13.41;19.09;13.71;16.57;13.84;15.66;;15.79;;15.71;14.57;15.56;14.04;15.16;13.61;15.45;12.79;16.18;13.07;16.37;17.8;20.99;23.18;21.43;14.87;
M;;0;0;0;0;0;2;0;0;0;;0;405;406;;22.33;14.31;;;;15.04;15.38;15.11;14.9;;;14.79;14.54;14.1;14.72;13.28;14.89;13.79;14.75;16.08;;21.59;22.61;16.17;
F;;;0;0;0;;1;;0;0;0;0;441;446;13.75;21.9;15.03;18.47;;17.03;15.29;17.25;16.81;16.26;17.23;;;;;15.93;15.12;;;15.91;;19.51;;21.63;14.64;21.4
F;B;0;0;0;;H;2;0;;0;0;2;421;426;12.99;;13.04;16.59;;15.44;13.33;;14.29;14.69;;14.25;13.26;;12.49;14.05;13.85;14.27;14.08;14.88;16.55;;22.43;22.37;16.75;
M;;0;0;0;H;;3;;;0;1;;434;432;;19.33;;17.07;;16.58;14.02;16.09;13.83;15.77;13.93;15.93;;16.4;13.35;16.56;13.91;17.78;13.98;18.02;18.32;;21.67;20.63;13.26;20.7
F;B;;0;0;;;;0;0;;1;1;404;408;;;14.3;18.04;14.72;17.23;;;15.29;16.39;;;15.26;15.8;;;;;;16.52;;;23.37;22.7;15.04;22.02
M;;0;0;;;H;2;;0;;0.5;0.5;418;415;;22.22;15.65;19.47;15.99;18.6;16.79;18.97;16.4;;17.41;;;;;18.95;;;17.05;19.41;19.59;22.16;25.24;;;25.55
M;W;;0;;0;0;2;0;0;0;;;;;;19.33;13.58;;14.17;;14.45;17.53;15.02;17.53;;15.72;15.28;15.79;;16.06;15.21;16.28;16.06;16.06;;;;22.6;;
M;;0;0;0;H;0;2;0;0;0;;0;488;489;;21.08;15.11;;;15.09;;14.27;14.97;14.57;;;15.37;16.24;;;;17.14;15.5;;20.3;;25.92;25.8;13.44;26.9
F;W;0;;;;;2;;;;0;0.5;410;407;;18.89;;17.11;14.71;16.32;;16.34;14.66;;15.97;;;;15.4;17.31;;;15.12;;18.47;21.26;21.4;21.76;15.29;22.32
M;B;;0;0;0;0;1;1;0;;0;;;;;20.12;;17.09;;15.54;;15.02;14.91;14.97;14.14;14.67;15.35;15.84;15.27;15.87;15.34;;15.79;16.87;17.61;19.48;22.81;;14.93;22.48
M;W;0;0;0;H;;2;0;;;0.5;;;;14.72;20.55;14.69;16.88;14.91;15.15;;14.2;15.19;14.09;;14.16;14.91;13.89;14.79;14.34;13.97;14.33;14.48;14.14;15.62;18.49;;20.04;;20.92
F;B;;0;0;0;0;1;0;0;0;0;0;432;426;13;18.91;;17.18;14.84;16.16;13.55;15.99;14.97;;;16.05;;;14.85;16.21;14.1;16.26;14.06;16.57;17.7;19.5;21.51;20.84;15.24;20.98
M;W;0;;0;H;;1;0;;;;1;422;414;12.63;;13.42;18.16;;17.58;14.36;;14.23;16.1;13.99;16.18;;16.36;14.98;16.57;14.56;16.63;;;18.34;;;24.77;12.42;22.96
M;W;;0;;H;;4;0;0;0;;;431;432;;;15.08;;15.11;;14.83;;15.52;17.5;15.94;;16.47;18.17;16.96;;;;16.99;;19.05;23.3;;25.57;16.95;25.7
;W;0;0;0;;H;;0;;0;;;468;;16.01;21.99;14.83;17.62;16.63;;15.49;;15.72;17.28;15.53;;;16.66;15.76;;;16.87;;16.75;;20.86;;25.01;;25.3
;;0;0;;H;H;;0;0;;2;1;402;395;12.51;20.32;;;14.03;16.12;15.14;15.64;;;15.25;15.89;14.69;16.41;14.84;16;14.72;16.07;14.45;17.44;17.85;19.79;;21.74;14.46;22.36
;W;0;0;0;;0;2;0;;0;;;434;434;;21.14;;18;;16.59;;;15.37;15.16;;;;15.53;14.99;15.76;14.88;15.99;14.84;15.53;;19.94;22.36;23.88;15.98;25.83
M;W;H;;;;;1;;;2;;0.5;466;464;13.43;22.68;13.44;;;;14.85;16.07;;;14.83;;;15.94;;15.63;;15.62;;15.74;16.11;17.64;20.65;;15.51;21.21
M;B;H;;;;;1;0;0;;;;;;16.23;18.67;;15.98;17.11;15.13;;;15.2;14.36;15.01;14.02;14.86;;;14.57;15.24;14.7;;;;;23.3;23.44;;
M;B;0;;H;0;0;1;;0;;0;0;;483;13.91;20.27;14.25;;14.57;;15.56;16.07;15.66;16.05;;;14.34;15.16;15.02;;;15.61;;;15.8;18.16;19.64;20.52;;20.96
F;W;H;;H;;0;2;0;;;;0;424;420;;19.41;13.65;17.22;13.97;16.28;;15.29;15.35;15.03;14.95;;;15.15;14.92;15.38;;15.7;;16.07;15.62;17.74;19.91;19.77;;19.64
;;H;0;0;0;0;2;0;0;0;;0;453;455;15.27;;15.9;17.53;15.91;16.81;16.26;;;15.89;18.04;15.83;;16.45;17.21;16.46;;16.48;16.06;16.32;19.54;21.48;21.73;21.39;14.88;21.49
M;B;;0;0;;H;2;0;0;0;;1;477;474;12.94;18.32;12.72;15.95;12.77;14.25;13.89;14.31;14.02;13.95;13.3;13.48;13.8;14;13.6;14.11;13.92;14.93;;15;15.47;17.43;18.48;18.55;14.09;19.8
M;;;0;0;A;A;1;;0;0;;;431;425;14.07;20.96;13.2;17.46;13.46;16.33;;14.75;;14.66;13.83;14.47;14.58;14.83;14.45;14.85;;;;16.28;;;21.3;;;21.54
M;W;0;0;;0;0;;;0;0;0;0;446;449;13.75;21.64;13.61;17.28;13.52;16.17;14.72;15.39;;14.71;16.1;14.09;16.26;;14.35;;15.08;;14.48;16.23;17.87;;23.25;23.25;14.56;23.65
;W;0;;0;H;H;3;0;0;0;1;;;;;23.18;;20.08;;;16.06;;;;16.65;17.76;16.59;;;17.11;15.59;;15.57;16.86;18.08;;23.61;22.34;;22.29
M;W;H;H;H;0;0;2;1;1;;;0;428;426;;;;19.42;;17.84;;17.64;16.45;17.28;;;;;15.52;17.59;;;15.15;;;21.69;;23.72;;
M;;;;;;0;2;0;1;;0;0;439;443;14.86;22.18;;;16.63;;16.25;;;;16.8;;;16.67;17.77;;17.37;;17.1;19.25;;23.19;25.04;;15.49;
F;B;;0;;;;1;;0;;0;0;422;423;15.54;;15.79;;;17.3;;17.09;;17.61;;;16.5;;16.63;16.97;;16.74;;17.26;18.06;21.05;21.33;21.72;;23.8
M;;0;0;0;;0;;0;0;;1;0;433;435;;24.18;16.62;21.49;;;;;;;17.61;;;;;20.3;16.63;20.78;;22.18;24.06;26.94;25.47;;16.57;
M;B;;0;0;0;0;1;0;0;0;0;0;487;475;12.95;20.86;12.71;17.5;12.76;16.21;12.84;14.98;12.02;15.02;11.81;15.51;12.47;;12.68;;12.76;15.51;11.93;16;16.49;18.61;;21.1;;22.46
M;B;0;0;0;;0;;0;;0;0;0;;460;14.11;18.6;14.58;15.1;;15.09;13.62;;14.57;14;;14.34;;;;16.2;13.64;;;15.49;15.25;19.18;20.04;20.37;14.06;20.73
M;;0;0;0;0;0;3;0;;0;0;0;479;480;14.57;;;;;17.08;13.57;15.73;14.15;14.9;13.12;14.73;13.56;;;14.43;13.24;15.55;13.72;15.49;16.46;20.31;22.51;23.51;14.21;23.58
;B;0;0;0;0;0;1;0;0;;;0;431;;13.64;22.68;15.17;18.16;;;;;15.18;14.76;14.5;14.77;14.18;14.72;;15.16;;15.39;;;16.96;19.73;23.1;24.28;16.1;
;;0;;0;0;0;3;0;0;0;;0;471;472;14.99;21.32;;;15.43;18.11;16.14;17.12;16.69;16.44;;16.82;17.03;17.07;15.76;18.05;;18.3;;19.62;21.49;;24.87;25.53;15.09;26.23
M;W;0;;;;;;0;2;;;;436;442;15.95;22;;19.33;;16.94;17.11;15.27;;15.26;17.44;;15.57;16.04;;16.14;14.77;16.99;;17.39;;20.86;;22.4;;
M;W;0;0;;;;2;0;0;;1;2;430;430;14.67;;14.68;17.72;14.24;16.27;14.86;15.8;;;15.46;;;16.56;15.56;17.12;;17.74;14.89;18.87;;23;;;13.87;21.37
M;;0;0;;0;0;1;0;0;0;0;0;476;;14.91;;14.81;;;16.76;13.88;15.82;15.34;;;;;16.49;14.83;;14.44;;13.84;17.27;18.43;;22.03;21.62;;22.49
F;W;0;;H;H;;1;0;;1;;;402;;15.11;;15.15;17.67;14.62;16.04;14.36;16.05;14.74;;;15.99;;16.39;16.66;15.83;16.15;;;15.58;16.03;18.54;20.91;;;23.12
;B;0;;;;;2;0;0;;;;488;481;13.14;20.05;12.85;16.82;12.95;15.38;11.79;14.37;12.94;13.51;11.66;12.91;11.9;13.93;12.19;14.04;12.08;;13.24;15.24;15.68;17.79;18.93;18.97;14.51;19.04
F;B;;;0;0;0;3;0;;0;0;0;439;441;14.45;19.52;14.67;16.74;15.68;16.16;16.03;15.91;16.19;;15.92;15.42;15.37;;15.23;14.92;14.98;14.41;;14.96;16.61;19.59;20.74;21.44;13.91;21.46
;B;H;0;0;0;0;2;;0;;0;0;461;;;18.33;13.89;15.16;;14.68;14.3;14.07;14.54;;13.71;13.94;13.64;13.48;13.55;13.55;13.67;13.87;13.51;14.76;15.94;18.08;19.03;19.38;14.59;20.36
;B;0;0;0;0;0;4;0;0;;;;466;465;;18.25;15.11;15.76;14.54;;;14.18;14.06;13.36;13.16;;12.97;14.06;13.05;14.63;14.13;15.28;;16.32;17.2;;22.05;21.86;15.19;21.28
M;B;;0;0;0;0;;0;0;0;0;0;495;;14.1;23.38;13.54;18.66;13.28;;13.51;;13.76;19.06;13.54;;13.31;17.44;;;13.81;17.57;13.81;;17.07;18.83;22.31;;;
M;B;0;H;;0;H;1;0;1;1;0;;431;431;14.84;;;18.78;15.81;17.7;15.37;17.07;;16.22;15.41;16.13;15.34;15.5;;;15.03;15.96;;;15.33;16.29;;22.15;14.99;22.16
F;B;0;0;0;0;;2;0;;;0;0;410;411;13.07;17.47;13.19;15.86;12.75;15.07;13.27;14.42;12.83;14.82;12.85;15.3;13.58;15.41;13.48;16.12;13.03;;13.2;15.71;15.94;17.17;18.13;18.25;12.15;17.8
F;B;H;0;;H;;2;0;;;;0.5;433;431;;;14.74;18.01;;;;;;15.9;14.5;;13.66;15.61;13.72;;;15.55;13.66;15.56;15.33;18.54;21.3;;15.21;22.24
;W;0;0;0;0;0;2;0;0;0;;0;389;390;13.98;;13.93;17.79;14.33;16.81;15.35;16.8;;;14.7;16.96;;;15.97;;;16.5;14.83;16.05;16.8;;23.86;;15.12;23.66
F;;0;0;;0;0;1;0;0;;0;0;409;408;13.54;19.7;13.91;16.68;;15.23;14.85;14.86;15.11;14.58;14.48;14.56;;14.31;14.52;14.77;;15.08;14.04;15.14;16.35;18.81;19.13;18.81;14.73;20.31
M;;0;0;0;0;0;3;;0;;0;0;444;;15.14;22.99;;21.3;;;17.37;;;;17.45;16.88;;17.29;16.76;;16.7;;;;20.7;25.66;;24.75;14.69;24.07
;B;H;0;0;0;;1;0;0;0;0;;458;463;15.57;23.8;15.45;21.36;;19.75;14.45;18.04;;;14.44;17.18;13.94;16.62;14.37;16.02;14.44;15.75;14.62;16.36;18.2;18.87;22.8;;15.79;
;W;0;0;0;;;3;0;0;;;0;434;435;13.86;;13.87;;13.41;16.61;12.58;;;;13.5;13.85;13.53;13.57;;13.66;13.37;14.48;13.89;14.72;14.99;17.96;20.15;20.18;13.43;20.81
M;B;0;0;0;0;H;2;0;;0;0;1;458;455;14.63;;14.12;17.85;13.5;16.37;;15.9;13.92;16.15;13.19;;;14.88;13.34;;13.72;15.42;13.9;14.98;14.83;17.29;20.41;21.42;16.76;22.11
M;B;0;0;0;0;0;1;0;0;0;0;0;454;455;15.04;20.23;15.65;18.46;;;;;15.57;;15.03;17.11;15.39;;15.75;;;16.71;14.55;;;19.22;22.33;23.81;17.62;
F;B;0;0;0;0;;1;;0;0;0;0;424;426;13.2;18.51;13.45;16.1;13.92;;;15.31;13.9;14.94;13.4;14.97;12.85;14.98;12.22;14.79;;14.33;13.07;15.37;16.43;19.04;19.69;20.22;14.25;20.53
;B;0;0;0;H;0;2;0;0;0;1;0;480;;11.02;18.95;11.17;16.08;10.42;15.82;10.31;15.59;10.95;15.44;11.78;14.93;11.72;14.71;12.93;14.54;12.11;14.24;12.02;14.3;14.98;17.91;20.42;20.59;12.82;21.76
;B;;0;0;H;0;2;0;0;0;1;0;;;13.13;;13.06;;12.81;16.27;13.14;15.51;12.94;14.94;13.65;14.9;13.71;14.66;14.12;15.18;14.65;15.53;13.95;14.79;15.88;17.3;20.55;21.55;;21.94
M;;;0;0;;;;1;0;0;;0.5;423;423;12.75;21.38;13.69;17.35;13.97;16.01;13.91;15.13;;;14.42;15.66;14.7;;14.62;;14.19;17.21;13.35;16.84;;;;21.71;12.15;
M;;H;0;0;0;;1;1;0;;0;0;474;465;15.42;;;;15.05;18.55;16.07;18.54;;;17.52;18.96;17.6;;;;;19.4;;;19.86;22.79;;23.71;15.47;23.72
F;B;H;0;;0;0;1;1;0;0;0;0;401;398;12.94;18.99;;;14.29;15.85;14.25;14.97;13.72;14.5;14.39;14.36;14.52;14.26;14.74;14.34;14.93;14.38;14.94;;16.72;19.74;21.42;22.01;15.8;
;;;;;A;A;;;0;0;;0.5;454;448;13.77;;13.68;17.09;;15.75;13.84;14.8;;14.05;14.24;13.88;14.45;13.62;13.78;14.04;;14.67;13.47;15.92;17.31;;20.89;20.92;14.73;21.7
;;;;0;H;H;3;1;0;0;0.5;0.5;;;;22.79;;19.13;15.16;18.31;16.41;17.36;;18.71;;;16.74;17.38;;;;17.81;;;18.42;22.06;;;18.64;
;B;H;;;;H;1;;0;0;;1;448;457;13.57;18.32;;15.07;12.84;13.86;12.62;13.29;11.84;11.73;11.93;12.28;12.57;12.32;12.85;12.55;12.2;12.47;12.87;12.97;13.57;15.87;18.16;19.07;14.54;19.18
;;H;0;;;0;;;;0;0.5;0;;;15.43;20.07;;17.82;;;;;;;;16.06;14.08;16.93;14.45;16.73;;;14.62;17.99;18.67;21.23;21.69;20.99;13.6;20.04
F;;0;0;;;H;3;;0;0;3;;381;381;;18.24;;14.83;14.34;13.56;14.11;12.45;14.06;12.25;;12.36;13.82;12.63;13.58;13.99;12.98;14.72;13.37;15.48;;;21.75;21.26;15.13;21.7
M;B;H;0;0;M;H;3;1;0;0;;1;467;;;21.86;14.54;19.82;14.75;18.93;15.53;;15.75;;15.4;;15.88;19.07;15.36;;16.34;20.5;;;22.36;23.97;;;15.22;
;B;;;0;0;A;2;1;;0;0;0.5;455;452;14.73;22.64;;;;;16.26;17.58;;16.64;15.96;15.88;15.46;15.34;14.12;15.65;;;14.75;;17.29;;22.58;22.19;;22.96
M;W;H;;;;H;;1;0;0;0.5;0.5;474;473;16.15;22.53;;18.22;15.69;;14.6;16.34;15.29;14.99;14.53;15.06;;15.59;;16.7;15.37;16.44;;17.49;;22.04;;;17.12;
M;;H;;0;0;0;2;;0;0;0;0;450;444;;;;;16.96;18.68;17.94;17.11;;;17.12;;;16.41;17.06;17.11;16.42;19.23;;;20.78;;26.07;;;
F;B;;;;0;0;;;0;0;0;0;421;420;12.87;19.04;13.96;16.33;14.7;16.54;14.86;16;;16.33;;;14.15;16.33;14.12;16.72;;16.22;14.39;16.1;17.08;19.81;;20.79;12.18;21.94
;W;H;0;0;0;0;;;0;0;0;;;414;;21.48;15.07;17.67;;15.57;14.86;14.7;;14.25;13.97;14.02;13.06;13.7;13.42;13.23;13.93;13.82;;14.38;15.12;18.38;;21.31;17.16;21.53
;;;;0;H;H;2;1;0;0;1;;;;14.65;;;18.65;14.99;16.75;;16.37;14.54;16.08;15.19;;14.53;;;15.84;14.39;;14.9;17.31;;19.37;20.99;21.39;14.67;21.87
M;B;;0;;0;0;2;;0;;0;0;484;;13.62;;;19.05;13.16;18.43;;17.1;13.07;17.05;12.29;16.59;11.92;17.71;12.13;;;;12.59;16.7;17.49;;21.61;21.88;14.21;22
;B;H;;0;;;2;2;;0;;;474;;14.37;;15.21;17.31;;16.41;14.92;;;;16.38;15.69;;17.01;;16.4;;;14.86;16.75;17.09;20.39;;;15.43;
;;H;;;0;;3;1;0;0;0;0.5;;;13.92;;14.43;;14.72;15.31;15.89;;;15.62;;14.91;15.11;14.76;14.68;;13.51;15.72;13.95;16.68;16.95;21.12;21.48;21.83;;
M;B;;0;0;H;0;1;1;0;0;1;;;474;12.98;20.7;;;13.56;15.84;14.24;15.41;;;14.65;14.75;;14.86;;14.39;13.5;;13.83;16.22;17.34;18.97;21.72;21.28;13.07;21.38
M;;;H;H;0;0;1;1;1;1;0;;465;466;14.74;;15.08;20.81;;18.95;14.59;;;17.45;15.13;17.72;14.79;;14.15;;13.78;17.05;14.7;;;;;26.48;13.28;25.47
;B;;;0;0;;;;0;;0;0;;;13.13;21.06;14.09;17.67;;17.17;;16.05;;15.29;14.17;15.16;14.17;15;;14.05;13.92;15.01;;;16.38;19.29;21;;14.31;23.18
;;;0;0;H;H;3;1;0;0;;1;465;;;23.32;16.63;;16.2;;16.87;17.54;;16.77;;17;;17.56;16.71;17.61;17.54;18.49;15.86;;21.47;23.6;26.53;;14.98;25.55
;B;H;0;0;0;0;3;1;0;0;0;;;453;15.37;22.01;14.91;18.69;14.02;;13.71;;;15.54;13.45;15.23;13.84;15.1;14.15;;14.58;;13.58;18.21;;21.58;23.02;;16.58;24.45
M;B;H;0;0;;M;2;1;;;1;;;;;;;18.92;14.76;;;15.59;13.65;14.99;;16.08;12.6;;13.01;;13.5;16.38;14.72;;;20.69;;;13.85;22.13
;W;H;0;;M;0;1;;0;1;1;0;;468;13.69;;13.95;19.76;13.84;;14.46;16.85;14.02;;;;;15.96;;16.3;14.57;16.38;14.57;;17.07;18.48;21.85;23.48;;
M;;;0;0;;;;;0;;;1;;463;15.54;;;;15.92;18.95;16.11;18.55;;;16.5;18.33;;;16.36;17.13;;17.03;16.45;17.33;16.52;19.59;23.19;24.02;15.79;24.5
M;B;;H;;;H;;;;1;0;;452;451;;;15.69;;16.33;;15.33;16.75;15.22;16.33;15.15;;;;15.59;16.93;16.04;;15.78;18.14;;22.51;;23.72;16.8;
M;;0;H;;0;0;1;;1;1;0;0;;465;16.75;21.04;;18.98;;;;17.68;;;;17.59;;17.44;;17.59;16.97;17.28;;17.5;18.09;;22.52;24.34;16.61;24.11
M;;;;0;;H;3;1;;0;;2;449;446;;;;18.29;15.69;;15.54;16.4;15.35;15.46;15.67;15.38;14.92;;15.73;16.29;15.62;17.47;15.96;;;;;23.34;;23.2
M;;H;0;0;0;0;3;2;0;0;0;0;431;431;14.1;21.57;;17.5;14.55;16.49;14.9;;15.13;;13.75;16.58;14.5;15.44;14.82;15.79;;16.62;14.61;;19.24;22.78;24.92;;15.2;23.07
M;B;0;0;0;;0;1;;0;0;0;0;404;404;14.91;19.32;15.13;16.55;15.13;15.89;14.78;;;14.9;;;;14.93;;;;16.66;;16.54;18.96;;21.74;21.17;12.47;22.42
M;W;H;;H;;0;2;1;;;1;0;470;470;15.79;22.39;16.02;18.66;;;16.18;;;;16.66;;;;14.4;;14.7;;14.03;;;24.42;;23.45;;24.39
M;B;;0;0;;H;2;1;;0;2;1;445;449;14.41;;13.75;18.19;14.33;15.46;13.37;14.99;13.48;;13.4;14.53;16.77;;13.11;;13.79;15.55;13.21;15.2;15.05;18.48;21.37;21.83;14.34;21.42
;W;H;0;0;;H;2;1;0;0;1;;413;415;14.43;;;17.84;;16.33;15.19;;15.75;15.95;;15.58;15.1;15.58;15.35;16.7;15.8;18.02;15.08;;18.78;;21.84;21.06;13.14;21.33
F;B;0;;;M;M;4;;0;;0.5;0.5;461;464;14.04;19.86;;17.25;17.4;15.44;16.77;14.61;;13.73;;13.36;16.18;13.53;14.98;13.75;;14.29;14.64;14.78;16.22;19.28;20.99;21.53;15.84;22.8
;W;0;0;0;0;0;;0;;;0;0;435;;;;;;;;;19.02;;;;;17.82;19.06;;19.54;;20.25;;20.1;21.43;23.3;;24.46;15.33;
;W;;;H;0;;;1;1;1;0;3;438;429;14.66;18.89;14.78;16.36;15.02;16.06;15.34;;15.59;15.61;15.51;15.37;;15.16;;;15.74;15.81;15.83;16.7;;21.65;;22.02;;21.68
M;W;;H;H;0;0;2;1;;1;0;0;486;483;;22.3;;19.3;15.03;18.11;15.67;17.5;;;16.67;17.68;16.28;;;;;17.19;16.19;17.16;18.21;;23.97;;15.54;24.48
;W;;0;;0;0;;;0;0;0;0;;426;15.3;21.5;14.92;18.63;14.95;16.63;14.68;15.18;14.73;;14.57;15.53;15.04;;15.15;15.53;;16.25;15.01;;16.96;18.97;21.25;21.6;14.04;20.87
;;;0;0;;;2;;0;;0.5;0.5;;474;14.54;;15.38;18.95;15.67;17.15;;;15.63;16.48;;15.68;;;;16.48;;;;18.1;19.05;;24.67;23.55;;24.13
;B;H;0;0;0;0;1;2;0;0;;0;;449;14.46;21.46;14.19;17.63;15.23;16.12;15.66;14.77;;14.09;14.17;14.25;14.09;15.22;;15.68;14.2;;13.57;;19.15;21.19;21.23;;14.49;
M;;H;;H;M;M;;;1;1;;;;;16.13;21.49;;18.67;16.05;17.4;16.41;17.43;16.73;;16.33;17.38;;17.93;16.65;18.32;;19.1;16.76;;20.57;;23.98;24.22;16.49;
;W;H;0;0;0;0;1;2;0;0;0;;416;426;14.97;21.09;15.27;17.65;;16.23;;14.77;16.29;14.34;15.29;14.49;15.34;14.98;;;;15.65;14.71;14.71;;17.13;22.05;21.92;14.79;
M;W;H;0;;0;0;3;;;0;0;;471;;16.67;;16.66;20.72;16.63;20.62;;20.43;;;;;;;;;;19.85;;;20.59;24.3;25.8;25.1;14.36;24.86
F;W;H;0;;H;H;;1;0;0;;1;;418;;19.77;14.69;17.73;14.9;16.72;14.83;15.87;15.38;;;16.1;15.42;16.4;15.17;;;16.18;14.95;16.12;17.6;19.57;20.66;20.69;;21.55
;W;0;0;0;0;;2;0;;0;;;432;432;16.4;21.88;15.92;;16.1;18.05;;;15.64;;15.66;17.53;;17.56;15.72;18.21;15.3;18.15;15.84;;21.73;24.74;;;17.13;25.42
M;W;;;;;M;;1;0;0;0.5;0.5;417;416;17.1;;17.12;;;20.49;;;;19.51;;;16.71;;17.03;;16.94;17.85;16.23;17.41;;;;;;
;;H;0;0;M;H;;2;0;;0.5;0.5;487;492;;22.85;16.27;18.52;15.81;17.22;16.77;;17.05;17.22;14.49;17.3;14.97;;14.38;;;18.87;;;;24.57;24.8;26.13;;
M;B;H;;0;;;2;1;;0;;;483;481;14.08;;14.53;;15.1;17.45;;;16.51;;15.43;15.06;;;15.33;16.03;14.79;15.45;;15.79;16.98;18.65;;21.27;15.56;21.68
F;;;0;0;;H;2;1;;0;;0.5;416;415;13.68;19.36;14.52;16.81;15.28;16.12;16.71;;;15.08;14.17;15.18;14.39;14.3;14.48;13.61;14.25;13.51;;12.97;13.62;16.32;18.18;18.85;;20.34
F;;0;H;H;0;0;1;0;1;1;;;436;431;14.32;21.54;14.11;;14.18;17.55;;;;15.9;15.59;15.52;;14.63;15.07;;15.11;14.97;14.73;;;19.54;20.3;20.71;16.63;
M;B;H;0;;0;0;2;;0;0;0;0;471;471;13.74;20.47;13.86;18.01;;16.78;;15.77;;15.44;13.73;;13.34;15.68;13.27;;13.94;;14.62;;21.18;;25;;13.51;22.79
M;B;H;;;;0;;;0;0;0;0;454;;;23.08;;;;16.4;14.36;;14.61;15.3;14.78;15.14;15.05;15.2;;15.14;14.35;16.29;15.2;;;;;23.05;14.56;
M;;0;;0;;;1;0;0;0;0.5;0.5;434;;14.14;23.09;;;;18.5;15.49;;16.08;17.82;;18.06;;17.69;15.45;17.42;14.69;;14.7;17.91;;;;23.76;;
M;W;;0;0;H;H;3;;;0;1;;439;440;13.27;21.72;14.13;;;17.4;;18.05;;17.9;15.28;17.49;;17.61;;18.02;14.6;18.03;14.04;;19.09;;;23.26;14.15;
M;W;H;;H;;;2;1;;;2;2;;;15.72;22.3;15.81;19.98;16;;15.77;17.84;;;16.19;;16.05;;;;;17.79;;;;22.89;22.67;22.99;16.65;24.27
;W;H;H;H;H;;2;;;;0.5;0;462;;16.4;23.48;;20.16;15.36;;14.69;18.22;15.37;17.52;15.19;;15.5;;14.77;17.18;;17.84;16.37;18.11;;21.68;22.88;;16.57;23.08
;;;H;;0;;1;;;;0;0;457;465;13.69;20.24;13.22;16.49;13.33;16;13.46;16.48;13.96;13.95;;13;12.76;14.12;;13.38;12.58;14.07;;14.33;14.97;18.72;;21.27;12.9;20.66
M;;H;;;;0;1;2;;;;0;;472;16.11;;16.07;;;;16.67;;;19.03;;;17.08;;;;15.8;;15.48;;;22.21;;24.1;13.78;24.21
M;W;;0;0;0;0;2;1;0;0;0;0;439;;14.58;22.47;14.55;18.34;14.61;17;14.9;17.24;14.67;;14.83;15.29;14.65;14.75;14.73;14.43;14.68;14.94;15.25;15.52;16.65;20.53;21.75;;13.52;22.22
;W;;0;H;;H;3;1;;;1;;;505;13.98;19.2;14.37;16.2;15.04;15.49;;14.9;15.69;14.35;14.34;;13.81;14.1;;;13.77;14.14;14.82;14.98;16.52;;;21.83;14.26;21.07
M;;H;0;;;0;1;1;0;;1;0;;;15.24;;14.79;19.02;14.79;17.57;14.52;;14.84;16.11;;15.35;14.3;15;14.42;15.81;13.94;15.93;;16.51;18.22;20.7;22.03;;;21.87
M;W;H;0;0;0;0;2;;0;0;0;;440;436;;23.12;14.91;;15.09;18.45;15.72;;;17.73;16.7;18.11;;17.81;16.4;;;;;;;20.91;22.96;;16.08;24
;W;H;;0;;A;;1;;;;2;471;467;14.02;;14.37;18.97;;16.86;;16.91;14.65;;14.08;16.79;14.67;;15.01;16.54;;16.45;15;;;22.7;24.43;;;24.31
M;B;H;;;H;;;2;1;;;3;;;14.34;20.75;;17.34;15.06;;15.4;15.09;15.79;;;15.03;14.98;15.2;14.73;15.61;;;14.84;16.14;;21.79;22.67;;14.97;21.72
;;;;0;0;0;1;1;1;0;0;0;;;15.01;22.3;14.58;18.44;14.52;;14.33;18.21;;;15;;14.98;17.9;14.26;16.62;13.36;;13.99;17.05;18.54;20;21.31;21.81;13.92;22.38
F;W;;;H;;0;1;1;;;0;0;439;434;15.22;19.03;15.41;17.06;;16.74;;15.58;17.69;15.99;16.21;16.53;;16.41;;;;17.49;16.52;18.53;20.15;22.36;;21.26;;20.63
M;W;;H;H;0;0;1;1;1;1;0;0;456;457;;22.47;15.53;19.26;15.21;19.25;16.72;;17.18;17.39;16.99;;16.17;18.38;16.03;;15.87;18.94;;18.51;20.83;25.13;;;15.49;24.79
M;;0;H;H;H;H;;0;;1;0.5;0.5;452;448;;;16.43;19.33;15.77;;;17.83;;17.69;;;15.74;18.47;;19;15.21;20.68;;21.57;;;28.45;;15.15;
;;0;0;;0;H;;;;;0;0.5;;450;15.51;;;19.27;15.56;;16.02;16.88;16.29;;;16.86;;17.7;;18.39;15.6;18.76;15.27;;;23.59;;;;
F;B;;0;;0;0;;0;0;0;0;0;415;411;13.49;19.08;13.3;15.37;;;12.67;13.89;13.04;13.58;13.32;12.5;;12.34;13.95;12.7;;13.2;14.51;13.57;15.41;17.27;17.85;18.5;14.93;18.26
;;0;;0;0;0;;0;0;0;0;;474;472;;;15.39;17.86;15.3;;14.9;16.46;;;;;15.96;15.42;15.97;15.38;;;15.03;;20.44;;;24.54;;
;W;H;;;H;H;2;1;;3;0.5;1;432;427;;;;18.72;16.21;16.61;;15.43;15.93;15.16;15.78;;;15.22;;15.05;15.83;16.46;15.3;16.89;;21.32;;23.85;16.59;22.97
;B;H;;0;H;;;;0;0;;;;;;22.66;;;;17.2;;;;17.18;15.18;17.63;15.67;17.57;;;15.06;18.89;;;21.97;24.46;24.9;26.13;16.68;27.82
M;B;;0;0;0;A;2;2;0;0;;1;483;;14.01;22.23;14.61;18.98;;17.42;15.5;;16.66;15.76;;15.11;15.91;16.21;;16.11;14.86;15.6;14.44;15.85;16.97;18.92;21.98;21.55;15.49;21.31
F;;H;0;0;0;;2;;0;0;;0;416;416;13.5;;14.75;16.64;15.3;;15.65;15.94;15.78;15.18;;15.05;;14.37;14.44;13.54;13.55;13.46;;12.98;13.39;16.26;18.17;18.94;;20.57
M;W;H;H;;;0;;;1;0;0;0;;459;;20.38;;18.37;15.72;;16.06;17.52;;;;;15.75;;;18.52;;17.74;;;17.9;;22.21;22.92;13.43;23.33
M;;H;;;0;0;2;1;;;0;0;;438;14.37;20.02;15;;15.88;16.75;15.6;15.64;15.67;;;15.75;;;;15.75;;15.88;;16.43;16.47;19.15;20.61;;;21.5
F;B;H;;0;0;0;2;1;0;0;0;0;435;439;14.22;21.71;13.81;19.46;14.24;;14.32;15.74;13.87;15.24;13.33;15.18;13.32;14.46;13.44;15.4;13.78;16.59;14.38;16.43;17.58;;21.74;21.71;15.02;23.05
M;W;0;;0;;;;0;0;0;0.5;;421;;13.23;;14.21;17.03;;15.85;;15.86;15.05;16.01;14.58;16.27;14.56;15.68;13.81;;13.89;;14.38;;18.24;;23.3;23.04;13.49;
F;;H;;;H;0;1;1;1;;0.5;0;408;407;13.56;;13.65;16.68;14.12;15.23;13.9;14.05;14.09;12.03;;11.79;13.43;12.45;12.63;13.14;14.38;14.1;13.96;15.77;;;20.15;20.29;;20.95
;B;H;0;0;;;2;1;0;0;0;0;497;504;;22.86;;;15.33;17.35;15.81;16.82;;16.59;17.19;16.68;16.16;;14.23;16.27;14.14;16.21;;15.89;16.47;;;;19.26;
;;H;H;0;H;H;2;1;1;;1;;;462;;19.97;14.66;15.95;;14.71;;13.73;14.22;13.08;;12.48;;13.79;14;14.34;14.14;14.64;13.93;;16.28;;20.73;21.11;12.66;20.95
;;H;0;0;0;0;1;1;0;0;0;0;456;458;;;15.55;;14.37;18.38;14.24;17.89;14.32;17.43;15.5;17.36;14.57;17.2;15.28;17.94;14.99;;15.02;;;;;21.22;;
M;B;H;0;0;;;2;1;;0;0;0.5;476;;14.45;20.64;13.63;17.34;13.91;14.95;14.07;14.02;13.06;13.07;12.7;13.29;13.63;;13.45;13.89;13.72;14.09;13.35;14.25;14.23;16.92;20.31;21.19;14.04;22.07
;W;0;H;0;;0;4;0;1;;0;0;457;460;15.58;;15.97;16.36;;17.15;15.45;15.86;16.19;;;16.01;16.12;;16.21;;15.64;;;19.2;16.95;;23.66;;14.7;23.45
F;B;;0;0;0;0;;;0;0;0;0;385;384;13.02;19.01;13.54;;14.27;15.88;14.37;15.14;;14.56;14.93;14.06;14.65;13.79;14.33;13.54;14.06;13.7;13.12;13.78;14.38;16.92;19.04;20.31;;
M;W;H;;M;H;;1;1;1;1;0.5;;432;433;13.9;20.46;14.3;17.84;;17.05;;16.51;13.51;16.08;14.23;15.98;13.86;;14.38;;14.87;17.21;14.83;18.76;;23.22;;;;22.31
;;;0;0;;0;2;;;0;;;426;428;;;15.56;;;;15.15;18.07;15.38;;15.54;;15.17;;14.03;17.28;13.74;;13.59;17.29;19.06;22.07;;;13.21;21.63
F;W;M;0;0;H;H;2;;0;0;;;375;375;13.54;;14.24;;14.53;16.94;14.46;15.76;15;16.15;15.06;16.35;15.27;17.02;;;14.7;17.45;;17.66;17.44;19.4;21.54;;12.61;20.36
;;;0;;M;;;1;;0;1;0.5;462;;;;;;;17.4;;;15.07;;15.88;;;16.38;15.96;16.57;15.57;;16.01;19.3;;22.3;;;14.95;24.61
M;;;0;0;0;0;3;;;0;0;0;487;483;15.06;;14.26;18.01;14.98;;14.31;;14.54;16.47;14.14;15.85;13.88;15.61;;16;14.84;;14.53;16.43;16.4;18.95;22.07;22.84;17.2;23.46
M;B;H;0;;0;0;1;1;;;0;0;;479;14.6;20.56;14.41;17.25;13.46;16.83;13.95;;;;;14.71;13.64;14.67;14.39;15.06;;;;16.41;;18.09;19.86;21.48;;22.62
F;W;H;0;0;;;2;;0;0;1;1;420;421;14.28;19.04;13.98;15.3;13.95;14.3;14.36;12.94;13.87;12.46;;12.14;13.3;12.24;13.4;12.12;13.16;12.71;13.66;12.74;13.48;16.3;17.75;19.21;15.83;19.5
;W;0;H;H;;A;3;0;;1;0.5;;;460;15.25;;;;18.29;;;;20;;19.86;;20.02;22.19;;22.81;19.55;;18.47;;21.54;24.12;24.82;;;
;W;;;H;;0;;0;;;0;0;;469;;22.09;;;;;;;17.1;;;16.74;17.4;;17.61;;17;;;;;23.6;25.28;25.32;17.89;
M;;H;0;0;0;0;1;1;0;0;0;0;;484;13.96;19.75;13.47;16.65;12.15;14.82;12.03;14.11;11.13;13.02;12.88;12.66;11.4;12.31;11.29;12.61;12.1;13.34;12.08;13.64;14.33;16.31;19.25;20.16;;20.93
F;;H;;;0;0;1;1;0;0;0;0;398;391;14.37;20.06;14.45;;14.84;;;16.44;15.16;16.35;;16.88;15.34;;14.95;17.06;14.95;;15.79;;;22;22.96;22.91;;23.43
M;B;H;;;H;;2;1;0;0;;1;;462;14.04;22.73;14.06;18.17;14.66;16.4;;15.2;13.41;14.41;14.7;;;;14.47;13.68;13.57;14.68;;14.98;;19.07;20.92;21.54;;22.16
M;W;0;0;;0;0;2;0;;0;0;0;43;438;16.72;;16.51;;;;15.21;17.25;16.5;;;15.65;;15.45;14.54;15.74;15.79;;15.94;;16.63;19.25;22.65;;16.65;
M;;H;;H;0;0;2;;2;;0;0;;438;;21.95;;19.31;;18.58;15.23;18;15.46;17.98;15.76;;;;;18.6;16.11;18.9;16.45;;;21.74;24.93;23.39;;22.28
M;B;H;0;;H;H;2;1;0;0;;;;;13.88;20.88;14.22;17.94;;17.38;14.56;15.22;;14.66;13.57;14.73;14.23;15.16;14.36;15.62;;16.44;14.15;17.33;18.91;21.61;21.73;23.02;15.71;
M;;0;0;;;0;;0;0;0;;0;448;451;;;;18.13;15.49;16.59;;;15.98;15.67;;15.8;16.1;;15.57;;15.26;18.28;15.96;18.89;20.65;;26.07;;13.88;
;W;;;;H;H;1;;1;1;0.5;1;;533;;22.83;16.75;19.71;17.35;;17.65;;16.78;;;;17.29;;;;;20.33;16.08;;;20.53;;;;
M;W;;;H;H;;;;1;;1;1;;463;17.64;25.39;18.18;22.49;;;;;;20.2;;;18.25;20.53;18.33;20.72;18.67;20.04;18.18;;22.87;25.59;25.63;;;24.27
M;B;;0;0;;H;;;0;0;0.5;;;447;12.9;;12.85;;10.82;17.77;12.72;15.64;10.45;15.53;9.94;15.31;10.48;;10.78;15.24;11.42;16.45;10.57;17.12;;21.92;;24.55;14.76;25.86
M;W;;0;;M;M;;;0;0;;;466;465;13.78;21.33;;18.11;15.57;16.88;14.86;17.08;14.97;16.58;15.4;17.5;14.72;;14.7;17.41;15.53;17.82;14.73;;;24.69;;;14.08;
M;W;0;H;H;H;H;2;;;;;;472;;;20.66;;;16.11;;;;15.82;16.66;;;14.62;;14.92;;;17.26;15.56;17.61;20.5;24.33;25.13;;;26.31
;W;H;0;0;0;;2;;;0;;;463;459;14.58;;14.77;18.3;14.61;17.02;;16.69;;16.74;;15.96;14.54;;14.66;;;17.02;;17.79;19.6;22.38;23.35;22.11;13.36;21.63
M;B;;0;0;;0;;2;0;0;0;;434;436;14.7;22.8;14.87;;14.72;15.68;;14.32;15.14;13.78;;13.68;15.13;13.33;14.32;13.93;;14.56;14.99;14.83;14.94;17.6;;20.51;13.92;21.95
F;W;0;;M;0;;2;0;1;;0;;;448;;19;13.59;15.79;15.21;14.86;14.84;14.62;;14.76;;;;15.18;14.83;;14.06;15.94;;16.7;18.71;;;23.8;13.2;
;;0;0;;;H;3;0;0;;1;;;456;;22.8;;18.97;15.88;;15.78;;15.92;;15.88;16.86;16.02;16.89;16.19;;;;;;20.14;23.19;;23.23;;23.13
M;B;;0;0;0;0;1;2;0;0;;0;;;;21.94;13.96;17.49;;15.89;12.3;14.73;13.03;;12.49;14.55;12.2;;12.86;;12.28;13.95;12.94;14.02;13.89;14.6;18.31;;13.56;20.21
;W;H;;0;0;0;4;2;0;0;0;0;440;436;13.49;20.73;;17.57;15.17;16.72;14.9;15.43;14.52;15.07;14.16;14.94;14.33;15.53;15.03;16.44;14.33;16.68;14.08;;;21.45;23.43;;14.67;
;B;;0;0;;;1;;0;0;0.5;;478;474;13;18.74;13.14;16.5;12.97;16.16;13.45;14.87;12.14;14.16;12.82;13.95;12.75;14.08;12.64;14.05;12.77;14.27;13.21;14.28;;18.91;20.81;21.99;15.1;
M;W;0;0;0;M;0;2;0;0;0;1;;;438;15.48;21.12;;18.72;15.25;17.59;14.81;16.99;14.99;16.27;15.37;16.23;;;;16.42;14.45;16.6;14.64;16.77;;21.73;23.24;;17.44;
;;H;0;0;0;0;2;1;0;0;0;0;452;455;;;;17.44;16.73;;;17.11;16.35;17.17;17.16;16.97;17.6;;;;;;17.85;18.59;;23.97;24.71;25.98;17.26;
M;;0;0;0;;;;0;0;0;;;;;;21.4;15.94;;16.36;18;16.54;;16.8;15.52;16.75;15.48;16.46;15.69;16.83;17.05;;;;;19.7;22.45;;;15.64;24.33
M;B;H;0;0;A;;1;1;0;0;0.5;0.5;;479;;20.88;13.66;16.48;14.48;15.29;13.64;14.31;15.21;14.39;13.96;12.98;14.48;14.79;14.32;15.25;13.24;16.25;13.86;15.92;16.63;;;21.24;13.52;
M;B;;H;H;A;A;1;;;;;2;453;452;12.48;;12.59;;11.62;;12.01;17.38;12.36;17.07;12.07;;12.19;;12.5;17.51;12.37;;12.14;18.03;;20.49;21.65;21.91;14.57;
;B;0;0;0;0;0;1;0;0;0;0;0;421;419;;21.52;15.48;;15.3;;15.73;17.62;;;14.81;;15.53;;;;15.1;16.95;;16.78;;;21.84;22.63;13.7;
F;W;;H;H;0;0;2;;1;;0;0;380;374;;20.3;15.05;17.83;;16.7;15.2;16.28;15.16;15.49;15.29;;15.54;;;16.37;;16.08;14.77;16.32;17.69;20.67;21.92;21.94;13.93;22.69
M;B;0;H;;0;0;2;;2;;;;439;435;13.23;;12.94;;11.94;16.13;12.13;;13.11;15.08;13.03;14.83;10.16;15.05;10.71;15.35;12.04;15.29;13.07;15.47;16.03;18.73;19.98;20.51;12.49;21.15
M;B;0;0;0;0;0;2;0;;0;0;0;473;472;14.11;20.02;14.42;;14.68;16.92;;16.12;15.55;15.69;15.33;16.31;;16.37;;;;16.69;14.41;16.11;16.57;;;21.75;14.41;
M;B;;;0;0;0;2;1;0;0;;0;;477;13.51;20.89;13.53;;13.83;16.4;15.41;15.01;;14.73;14.6;14.29;13.38;13.76;13.32;13.58;12.9;14.04;13.1;13.68;13.32;16.31;19.07;;14.79;21.17
M;B;H;H;H;A;A;;;2;1;;1;;;13.53;;13.45;17.35;12.88;16.59;12.9;15.42;13.83;14.59;13.44;14.23;13.5;14.08;14.77;14.14;13.35;14.35;13.43;14.35;14.98;17.59;19.8;21.02;;21.79
M;;0;0;0;;;2;0;0;0;2;;;470;;21.66;14.99;18.78;;;15.55;16.73;13.74;;;;;16.61;;17.47;15.5;18.92;15.57;;20.5;;24.69;24.41;;
;B;0;0;0;0;0;;0;0;;0;0;;;15.51;23.15;15.15;;;;15.03;;14.17;;14.1;;14.51;17.72;;;14.54;18.03;15.47;;;21.18;23.99;22.89;;
M;W;0;H;;;0;;0;;1;0;0;;434;;;14.83;18.13;;17.27;;16.78;15.61;;16.08;16.57;;16.55;15.16;16.72;16.09;;16.58;17.6;17.95;19.84;21.59;21.98;;22.11
M;B;H;0;0;0;0;1;1;0;;0;;;494;13.1;18.61;12.98;;14.08;14.96;13.48;14.24;14.22;13.47;13.78;13.37;13.81;13.27;13;;13.34;14.89;14.08;14.95;17.61;21.14;21.37;21.76;14.57;22.64
;B;0;0;0;0;M;2;0;0;0;0;0.5;464;;15.48;22.78;16.04;;;14.95;16.68;13.51;13.99;13.41;14.9;13.24;;13.43;;13.63;;14.19;;14.5;16.01;17.09;20.31;21.06;16.51;23.05
;B;;0;;0;;2;1;0;0;0;0;491;;14.18;22.04;;;;18.15;14.81;;14.46;16.69;;17.19;14.22;17.31;14.65;17.23;13.84;;14.39;17.5;16.73;18.35;20.87;21.75;14.95;22.09
M;;0;;0;0;0;1;0;0;0;0;0;;;14.9;;;18.79;13.52;;14.09;;;15.53;14.55;15.48;13.49;15.84;12.89;;13.25;16.01;12.97;;16.29;17.25;18.5;17.62;;18.86
M;;0;0;;;0;;0;0;1;0.5;0;;449;13.36;22.06;14.2;19.08;15.02;17.68;;17.14;;16.77;14.74;;;18.89;;18.06;;18.72;14.09;18.49;18.62;20.01;21.52;20.9;12.83;21.16
F;;0;0;;0;;;0;0;;0;;389;391;15.12;19.94;;17.43;;15.64;;;16.35;14.49;;15.04;15.56;15.13;15.32;;14.88;16.12;15.94;;16.61;20.47;22.37;;16.69;22.33
;B;;;;0;A;;;;0;0;1;;;;;;;14.76;19.05;15.42;;;17.93;15.68;;16.02;17.74;15.59;;16.34;;16.22;;18.19;21.37;23.74;;15.97;
;;;0;0;0;0;;;;0;0;;410;414;;19.54;;17.71;14.09;;14.47;;;15.72;15.34;;15.29;16.42;;16.36;14.21;;;16.23;;20.4;;21.53;14.12;
;W;H;0;0;0;0;2;1;;0;0;0;;;14.56;21.07;15.38;18.04;16.07;;16.43;;16.23;;;;;15.79;16.22;15.57;;;15.42;15.54;;20.72;20.82;20.77;12.22;20.61
M;W;;0;A;0;H;2;1;0;1;0;;451;450;;23.19;16.73;;;;;17.96;;16.08;15.75;16.64;16.34;;15.85;16.53;;18.15;16.12;;;22.93;;23.33;16.94;
;;0;;H;H;H;2;0;;;;;471;471;14.95;20.65;;17.6;14.5;16.31;14.49;16.25;15.32;;;16.65;15.99;17.04;15.6;17.53;;18.4;;18.92;19.74;;;;;23.05
;W;H;;;0;;1;;0;0;;;;411;;20.31;;17.42;15.31;15.75;14.77;15.58;16.03;14.77;15.11;;15.52;15.41;14.98;15.53;14.66;;14.63;15.18;;;20.26;22.25;14.22;22.81
;B;H;0;0;0;0;1;;0;0;0;0;448;;15.03;;15.01;;;18.43;;16.93;14.67;16.23;14.75;16.59;14.67;16.27;;;14.81;16.34;14.47;16;16.63;19.27;20.19;20;15.75;21.04
M;B;H;0;0;A;A;1;1;;0;;0.5;483;;16.72;;16.42;;16.32;18.47;15.55;18.13;15.41;;15.61;;15.53;18.79;15.93;18.4;14.89;18.13;14.65;17.57;19.93;;;23.12;15.79;
M;B;;;0;0;0;1;;0;0;0;0;;;15.28;19.05;;15.2;13.37;14.61;14.1;;15.11;13.71;;13.85;12.8;;12.96;15.23;14.01;14.45;14.7;13.89;13.8;16.4;18.81;19.82;14.01;20.67
;W;;0;0;0;;2;0;;0;;0;452;450;;21.95;;;17.12;17.78;;16.74;17.14;15.51;;;17.08;15.38;;16.16;;17.03;16.11;16.84;;24.48;;;14.93;23.08
F;B;;0;0;;;;;0;;0.5;;462;;14.06;17.86;13.34;15.06;14.36;13.77;13.7;12.68;;12.89;12.55;12.03;14.85;13.17;13.22;13.92;12.34;15.15;12.47;16.02;16.91;;20.37;20.38;15.15;20.88
;W;0;0;0;0;0;;0;0;0;;0;;;13.03;21.79;13.03;;14.25;17.2;;16.74;15.28;16.41;15.18;;;16.37;14.94;;15;;14.2;19.79;;22.1;;;14.24;22.35
M;B;H;0;;;;1;;0;0;;;;493;14.19;21.24;;18.29;13.55;;13.56;15.92;13.66;;;15.01;14.1;15.01;12.69;15.63;14.04;15.43;13.44;;16.47;18.54;20.57;21.86;;22.16
M;B;H;;;H;;;;0;0;1;1;;;12.68;20.15;12.7;16.41;12.78;14.23;13.55;13.12;13.49;12.92;13;;13.5;13.47;13.16;14.06;13.03;13.72;;13.43;14.71;16.64;19.83;20.8;;21.66
;W;H;0;0;0;0;2;1;0;0;0;0;407;407;14.45;20.16;;17.07;15.13;16.24;14.68;15.59;14.71;15.26;;15.53;;16.36;15.05;;14.6;;;17.27;;22.3;24.63;23.29;13.43;22.75
M;W;H;0;;0;;;;0;0;0;;;;15.57;20.36;14.91;17.99;14.6;;15.16;15.44;13.61;15.54;14.28;14.83;14.01;14.8;14.74;;13.81;15.41;13.78;15.41;15.71;17.39;20.79;22.39;16.26;22.75
M;W;H;0;0;0;0;;;;0;0;0;;432;;22.38;;19.22;;;15.88;;15.14;;15.87;18.1;14.25;17.4;14.94;17.4;15.7;;16.5;17.43;;25.85;26.89;;16.58;
M;;;H;;M;H;3;1;;2;0.5;;434;432;14.16;20.3;14.24;18.33;14.43;17.17;14.59;16.39;14.11;15.81;14.42;16.41;14.08;16.35;14.12;;13.58;16.61;14.48;;;20.07;;22.14;14.09;22.17
M;;0;0;0;;;1;0;;;0;0;;457;14.19;;13.26;17.92;13.14;16.08;13.22;16.68;;;13.77;;13.11;14.45;13.41;14.71;13.71;15.3;13.28;15.4;15.62;18.58;21.26;;;22.62
M;W;H;;H;0;0;3;1;;;;0;424;410;13.68;19.8;14.16;16.45;14.28;15.17;;13.97;14.16;14.42;;14.15;;;14.3;13.4;14;13.77;14.08;13.36;15.07;18.23;22.2;21.73;16.05;21.29
;W;H;0;;M;;2;;0;;;1;431;425;15.56;20.17;15.28;18.18;15.12;16.27;15.6;15.57;15.93;15.65;16.43;15.17;15.65;15.98;14.93;17.04;;;;19.24;;;24.71;;;24.27
;W;0;0;;0;;2;0;;;;0;454;452;;23.38;17.15;;;18.3;;;16.75;18.01;16.72;17.75;;;16.66;;;18.08;16.38;17.8;17.89;20.04;;;;
M;;;0;0;0;0;4;;0;0;0;;;;14.95;;14.69;18.22;14.79;;15.08;;;15.1;15.14;15.43;14.27;14.71;14.18;;14.9;;;14.21;16.6;20.94;22.68;;;22.58
M;W;;0;0;;;2;1;;;0;0;460;460;16.31;19.54;;17.35;;;15.46;15.76;14.43;;13.69;14.72;14.02;14.65;15.03;15.09;;15.09;;;15.49;20.09;22.52;;15.08;21.23
F;W;0;;H;0;0;3;0;;1;0;0;;405;;19.96;13.87;16.78;14.25;15.57;14.31;15.24;15.42;15.23;15.5;15.32;;15.95;14.93;;14.74;16.29;14.37;16.52;17.13;20.51;22.4;22.06;15.69;22
M;W;;0;;;H;;1;0;;0;;;463;;;14.75;18.68;15.1;17.33;15.53;16.72;;16.94;15.7;;;;15.41;;15.06;;15.1;;21.64;26.05;26.52;25.65;16.7;24.74
;;H;0;0;;0;;1;0;0;0;0;;453;;23.95;;20.26;17.1;;17.62;16.96;;;18.26;;;17.49;;;;17.56;;17.98;19.96;;24.8;25.44;;
F;B;H;H;0;A;;2;1;1;;0.5;0.5;384;381;13.43;18.91;;15.62;13.08;15.57;12.52;14.5;12.6;14.39;11.98;13.92;12.17;13.63;12.24;13.45;12.08;13.3;12.24;13.69;13.92;17.13;;;15.1;20.61
;W;;0;H;0;M;2;1;0;;0;0.5;;;;19.92;14.87;;;;15.33;17.21;;;;;14.2;;14.59;;14.95;18.66;14.04;18.5;18.43;20.9;22.09;22.16;14.15;22.41
;;H;H;0;0;0;1;1;1;0;0;0;416;416;15.31;23;15.71;;16.44;18.66;16.52;;16.59;;16.42;;;;16.17;18.21;;18.35;16.52;;19.03;21.96;25.24;25.31;17.09;
M;W;0;0;H;0;0;;0;0;1;0;;463;;18.08;;;22.04;;20.56;17.44;19.93;16.61;;;;16.38;;;;;;;18.27;19.2;21.98;25.49;26.06;;26.54
F;;H;H;0;0;0;;;;0;;0;460;;15.03;;;19.19;;17.64;;18.14;16.94;17.84;;;;;;18.03;;;16.62;17.85;19.04;22.76;;24.96;16.45;25.57
F;;;0;;0;0;;0;0;0;;0;432;;14.34;20.55;15.28;17.02;;;;;16.34;15.15;15.65;;15.91;15.84;14.81;15.93;14.88;15.96;14.66;15.83;;22.52;24.36;;16.92;
;W;0;;H;0;0;2;0;0;;0;0;428;424;14.37;21.22;14.96;17.96;15.39;16.78;15.86;15.99;16.4;15.92;15.08;15.38;;15.41;;15.68;14.22;15.52;14.39;;;18.14;;19.78;;20.51
F;B;H;0;0;0;;2;;0;;0;0;462;;13.42;21.93;;18.27;13.27;16.54;12.98;15.57;12.73;14.87;;15.47;15.98;;;14.5;14.4;14.71;14.58;15.29;15.36;18.41;21.55;21.82;14.39;
;B;0;0;0;0;0;;0;0;0;0;0;454;456;14.47;21.05;14.71;18.37;;;13.71;16.54;15.09;;;;14.62;15.59;14.95;15.9;14.86;15.76;;14.24;14.34;17.83;19.76;20.75;14.9;
F;B;H;;0;;;1;1;;;0.5;2;442;447;12.95;;12.71;17.51;13;14.36;12.08;15.99;13.61;14.08;12.1;13.69;11.28;13.22;11.94;13.38;12.09;13.81;13.09;14.36;15.08;;19.45;20.35;14.88;21.36
;W;0;0;;;;3;0;0;;;0;396;396;12.37;16.71;12.43;14.65;12.37;13.2;12.97;12.68;13.17;12.6;12.65;12.67;13.18;12.4;12.76;12.5;12.47;12.27;13.02;12.69;13.77;16.22;17.68;17.38;11.9;17.68
F;B;;0;0;0;0;;1;0;;0;;445;443;12.94;18.69;12.63;15.32;12.94;14.47;;13.43;12.72;12.83;12.66;12.62;14.07;12.26;12.98;12.88;12.62;12.94;12.31;13.41;14.72;16.43;19.11;19.42;14.57;19.44
M;B;H;;0;0;0;;;0;0;0;0;457;;;;13.55;18.02;14.03;17.04;14.99;16.8;14.83;;;15.75;15.12;15.59;14;15.22;13.51;15.34;13.9;15.77;17.24;19.44;;25.72;;24.97
;;H;H;0;A;;2;;;0;0.5;;;461;14.9;21.66;;;15.39;;15.88;17.21;16.16;16.43;16.06;;;;15.1;16.7;15.62;;15.58;;19.85;;;23.72;15.84;23.75
M;W;;;0;;M;;1;0;0;0;1;;;16.19;;16.64;;17.49;18.2;;18.21;;;18.23;;;;;;16.75;;16.4;19.13;19.57;;;24.62;16.73;24.33
M;W;0;;0;0;0;3;0;0;0;0;0;;433;15.28;;;;13.95;17.22;13.31;15.97;13.56;15.28;13.11;;14;14.48;14.22;14.79;14.37;14.98;14.87;16.61;;22.31;;23.14;;22.14
M;;H;0;0;0;;3;;0;0;0;;422;423;;23.03;;19.14;16.23;17.48;;;;16.56;;;15.02;16.28;;;;;15.11;16.83;;22.39;;21.7;16.27;
M;;H;0;0;0;0;2;;0;;0;0;435;435;16.01;;15.86;;;17.79;;16.56;16.35;16.28;16.11;;15.85;;;;;;15.05;;18.24;20.72;;22.21;;
M;W;;0;0;;0;3;;;0;;0;;470;;;16.67;22.66;;19.73;;;;17.57;17.98;;;;16.3;;15.77;16.73;;17.2;;;;;15.21;24.36
;W;;;;H;0;2;;0;0;0.5;0;408;401;13.87;;15.11;;;;14.16;16.79;14.37;15.77;13.53;15.45;13.83;;13.21;15.49;12.91;16.51;13.13;16.49;;;23.82;23.05;13.81;22.79
M;B;H;0;0;;;1;;0;0;1;;449;450;14.45;;15.2;17.91;15.19;;;16.48;;;14.69;15.81;15.14;15.58;;15.81;15.14;15.44;15.07;15.89;16.08;;22.82;22.32;15.83;
M;B;0;0;0;0;0;;0;0;0;0;0;466;461;;23.43;;20.49;;;14.65;18.64;;;14.66;18.35;14.33;17.97;;18;14.64;18.66;;18.99;;;;;14.92;
M;B;H;0;0;H;0;2;1;0;;3;0;440;435;12.38;21.02;13.12;18.23;12.47;17.13;12.54;;12.3;15.35;12.27;;12.44;15.12;12.6;15.09;12.42;15.79;13.58;;;;23.23;23.33;13.15;23.73
;B;;;0;M;;;;;;;1;;;14.2;20.94;;17.62;12.9;15.38;14.23;14.6;12.88;13.84;13.15;13.51;13.58;14.09;13.64;14.4;;14.19;;14.48;14.05;16.81;19.71;19.52;12.58;20.29
M;;H;;;M;;1;;1;1;1;1;469;474;14.93;;14.9;;14.99;17.99;14.61;16.97;;17.55;14.88;16.83;14.61;16.41;14.1;17.09;13.4;;13.72;17.08;17.06;;21.57;;;22.72
;;H;H;H;0;;;;2;;0;3;;488;15.16;21.73;14.74;18.9;13.66;17.49;12.55;16.71;12.06;;12.49;16.66;12.55;16.69;12.55;;12.59;16.21;12.28;16.84;18.94;22.19;;;14.17;22.26
;B;H;;H;M;;2;;;;;0;;465;13.47;18.2;13.67;16.4;13.97;16.37;14.53;14.98;;14.67;14.71;13.73;14;13.38;13.93;13.76;14.61;13.84;14.39;13.93;15.03;17.99;20.06;21.17;14.14;21.57
;W;H;0;;0;0;;;0;;0;0;396;374;;;14.86;17.95;14.99;15.99;;;;14.7;;14.78;13.6;14.04;14.72;14.33;;14.56;14.99;14.32;15.65;19.25;21.46;21.37;12.43;20.73
;B;0;;0;M;M;1;0;0;0;;2;;446;11.98;18.62;11.96;16.44;11.94;15.17;11;;12.48;14.12;13.24;14.31;13.18;14.14;12.38;14.31;11.17;14.38;11.92;14.5;16.23;;;20.26;13.99;21.34
M;B;H;0;;H;0;;1;0;0;0.5;0;457;455;;;;18.33;14.75;16.95;;16.56;15.49;;15.33;15.32;15.1;15.25;15.67;14.63;15.56;;;15.7;;18.75;;;16.42;24.65
;W;H;0;;M;M;;;0;0;0.5;;451;;15.77;21.4;15.9;19.27;15.59;17.78;16.45;;16.68;;;17.75;;;16.49;19.59;;19.45;;;;22.21;23.15;22.98;;
M;W;;0;;0;;;1;0;;0;;443;440;13.33;19.69;14.2;16.6;14.64;15.6;15.12;14.86;;15.31;14.95;16.29;15.12;15.76;15.23;15.27;13.99;17;13.54;16.56;;19.14;21.92;22.45;14.3;
;B;;0;0;;0;;0;0;0;0;0;480;476;15.31;;15.29;;15.59;18.36;15.3;17.69;14.69;18.34;14.58;18.49;;18.35;15.59;;16.11;19.71;16.2;20.7;;;24.34;;;
;W;H;0;0;0;0;2;;0;;0;0;;440;12.99;19.96;11.9;;12.83;16.51;13.59;;13.96;16.57;14.99;16.13;;16.49;;16.39;15.25;17.03;15.6;17.19;18.48;20.07;20.83;;12.37;19.87
M;W;;0;0;0;;;;0;0;0;0;416;413;15.3;21.23;16.35;18.06;16.33;16.21;;15.68;;15.97;;;16.41;15.6;;15.58;15.34;16.08;14.39;16.32;18.02;21.25;;;15.67;23.04
;;;0;0;0;0;1;1;0;0;;0;441;431;13.22;;12.93;17.24;12.17;15.66;11.94;15;11.62;13.89;10.78;13.66;11.09;14.12;11.78;14.47;12.61;14.65;12.38;;17.09;19.64;20.56;19.75;;19.81
F;;0;0;0;;0;1;0;0;0;0;0;406;407;13.07;20.55;13.73;18.22;13.69;16.95;13.6;16.01;;17.17;14.19;16.78;15.42;;;16.52;15.55;;;16.32;18.27;21.62;;22.99;15.49;21.12
M;;H;0;;;0;;;;0;0;0;443;441;;23.12;;18.23;;17.23;16.38;;15.84;;;;;17.35;;;15.78;17.09;14.74;17.41;;;24.82;25.21;;26.62
F;B;0;0;0;0;0;;0;;;0;0;;417;;18.43;14.01;16.68;14.94;15.05;;14.78;;14.98;13.22;14.96;13.6;;13.64;14.3;13.67;14.75;13.83;14.96;17.14;18.69;18.28;18.93;14.29;19.54
M;W;H;;;0;0;;1;0;0;0;0;419;415;14.85;;14.46;;14.85;16.75;;16.02;16.48;15.9;16.24;16.55;15.53;16.35;;;15.56;16.41;15.25;;;;22.01;;15.42;22.19
;B;H;;H;0;0;2;1;0;1;0;0;425;429;13.66;20.03;13.85;17.84;14.27;16.19;14.18;;13.88;;13.42;15.53;13.51;15.54;14.01;15.32;13.65;15.62;12.88;15.41;16.44;18.83;21.73;22.33;13.52;22.44
M;W;;0;0;;0;5;1;0;0;0;0;448;442;14.17;;;19.24;13.64;;;16.15;13.2;16.03;13.58;15.89;15.27;16.36;;16.29;13.69;16.79;12.43;17.01;18.79;21.33;24.74;;13.97;23.16
M;;0;;0;0;0;3;0;0;0;0;0;;475;14.7;19.75;;17.24;14.89;17.06;14.46;16.12;13.86;15.53;13.65;14.59;13.5;15.06;13.86;16.59;14.27;16.2;13.86;16.86;;;24.88;22.82;14.45;
M;B;;0;0;0;0;;0;;;0;0;;472;14.7;21.56;15.43;18.44;;;;15.07;15.53;15.05;15.12;14.56;14.19;14.52;14.39;14.08;14.01;14.98;14.21;14.9;;20.29;22.01;22.22;;22.2
;;0;0;0;0;0;;;0;0;0;0;458;;;21.17;14.47;;14.66;;14.01;14.97;;14.77;15.17;14.91;14.49;14.74;14.95;;;16.33;;16.14;16.61;19.18;21.38;22.23;;
F;B;0;0;0;;;1;0;0;0;1;;461;462;13.53;;14.83;17.51;15.39;;;15.25;15.65;15.04;14.53;14.84;;15.24;15.7;14.68;13.8;15.56;13.83;;16.38;;19.85;20.93;16.03;23.14
F;B;0;H;;0;0;1;0;;1;0;0;423;423;12.79;21.59;;;13.91;;;;13.41;16.01;14.34;16.19;14.24;16.15;14.06;16.35;;15.92;14.91;;15.59;16.88;19.18;19.36;15.19;20.79
F;B;H;H;;;;1;1;;1;;1;412;411;12.78;19.12;;16.75;12.76;15.6;13.07;14.43;12.56;14.48;;14.33;12.83;14.17;12.52;14.29;11.63;14.17;12.05;14.58;13.98;16.42;18.46;19.18;12.83;18.7
M;;;0;0;0;0;1;1;0;0;;0;476;;12.61;;13.44;17.56;11.84;15.23;11.35;13.72;11.99;14.49;12.05;14.15;12.16;13.82;12.52;14.19;13.32;15.23;12.83;14.68;15.7;18.16;20.53;21.26;14.06;22.09
M;W;0;0;;0;H;;0;0;;0;;472;;14.17;19.99;;17.47;14.93;;;15.34;14.74;;;15.92;;15.4;14.56;15.5;14.23;16.37;;;;22.01;;22.41;13.63;22.28
F;;H;0;H;A;0;4;1;;;0.5;0;394;397;;;;;;15.32;15.69;;15.37;14.26;15.17;;;15.38;;;15.15;;;16.9;17.3;;20.83;20.71;;20.22
M;B;H;0;;0;0;2;1;0;;;0;;;12.58;22.92;;19.39;11.4;16.54;11.52;14.78;12.07;;12.36;15.05;11.7;14.43;13.13;14.55;14.21;15.25;13.39;16.03;18.38;;;;13.34;
M;;H;;0;0;0;1;;0;0;0;;435;433;14.59;;;16.6;;16.01;14.76;15.49;;15.61;14.68;15.3;14.3;14.94;14.09;14.92;14.19;14.6;15.08;15;16.58;19.86;;21.73;16.99;22.25
M;B;0;;;0;0;;0;0;0;0;;;;15.45;22.56;;;16.42;;15.6;;15.84;;15.52;;15.2;;;16.48;14.51;16.64;14.73;;;20.86;;24.09;;25.39
M;B;0;0;0;;;;0;;0;;0;;452;14.59;20.96;15.17;;15.76;16.8;;;14.3;15.8;14.68;;15.04;16.77;15.11;17.33;;;15.59;19.72;20.92;21.92;21.29;;;23.64
;;0;0;;M;;;0;;0;0.5;;452;;;21.42;;18.25;14.87;;15.23;16.37;15;;14.27;15.01;14.78;15.36;14.75;16.2;15.2;;15.4;16.14;17.78;;23.37;;16.96;24.16
F;;0;0;0;H;H;1;0;0;;0.5;0.5;424;430;13.74;21.22;14.04;18.88;;17.18;13.84;;14.41;;14.7;15.06;;15.95;;16.61;15.04;17.36;15.65;;19.71;;22.74;;;22.1
M;B;0;;0;0;H;2;0;0;0;0;;472;;;;;19.06;;17.9;15.48;16.39;15.21;16.08;15.19;16.72;;17.11;16.85;;16.08;17.96;;;18.25;;22.06;;15.64;23.49
M;B;H;0;0;0;;2;1;0;0;;0.5;;;;22.7;;;;;;17.59;15.02;17.63;15.25;;15.12;;14.98;;;20.82;16.39;;22.02;;25.67;25.44;;25.14
M;W;0;;0;0;0;3;0;0;0;0;0;441;;;21.62;16.28;;;17;15.27;;15.34;16.12;14.81;17.16;;17.29;15.25;;15.16;;15.09;17.97;18.53;;;;;24.23
F;;0;0;0;;A;2;0;0;0;;;432;424;15.83;21.37;;17.79;;16.11;16.83;15.02;16.76;14.36;;14.38;16.16;14.79;15.92;15.4;;15.81;15.93;16.41;16.97;19.4;;21.4;;21.97
M;B;;0;0;0;0;;0;0;0;0;0;489;;12.91;;12.95;17.31;13.34;16.37;14.27;15.85;14.62;15.41;;;13.98;15.11;14;;13.94;15.15;14.32;14.49;16.7;19.45;;21.35;;24.34
;;H;0;;;0;1;;;0;0.5;0;;;12.77;20.21;12.68;16.98;13.18;16.33;12.98;15.45;13.28;14.56;13.41;14.44;11.4;14.28;12.09;14.71;12.65;14.76;13.74;14.71;16.44;18.07;19.72;20.02;;
;W;0;H;H;0;0;;0;1;2;0;0;;456;14.63;19.97;14.79;;15.2;16.9;16.43;16.46;17.2;16.1;;;;18.13;16.14;18.8;;19.22;;20.76;;25.28;24.11;22.32;;22.66
;W;0;0;0;0;0;;0;0;0;0;0;;470;14.47;21.97;14.36;;14.45;18.03;;17.38;13.97;;14.2;17.16;;;13.96;;;16.94;;;;;;;;23.25
M;W;0;;;0;0;;0;;;0;;453;;;21.72;;;;18.27;14.67;17.99;14.69;17.37;;16.46;13.83;;12.74;;13.49;;13.32;16.86;;22.48;;24.24;14.7;24.25
M;B;H;;0;0;0;1;1;;0;0;0;;481;;;13.52;;13.42;17.8;;;;17.32;;;;;15.25;16.4;;;14.24;15.72;;17.91;;;14.96;
;B;0;0;;;0;;0;0;0;;0;404;402;12.21;17.58;12.92;15.16;13.14;14.1;13.12;13.28;12.97;12.92;12.51;13.65;12.32;14.67;12.18;14.02;12.18;14.62;12.82;14.23;14.23;17.92;19.19;19.71;15.93;20.86
M;B;H;;;0;0;;1;0;;0;0;481;481;13.69;19.69;13.98;16.16;14.94;13.92;14.77;12.73;12.91;12.53;13.06;12.14;13.19;12.02;14.01;12.61;13.82;13.07;13.37;13.59;14.35;15.81;18.81;19.39;13.43;20.96
;B;H;0;0;H;H;1;;0;0;;;442;441;12.48;19.9;12.42;16.57;12.18;;12.26;14.56;10.57;13.73;13.21;14.13;12.62;14.1;13.18;13.93;13.35;;12.97;13.7;14.35;;20.87;21.09;12;20.94
M;;;;0;0;;2;0;;0;0;;437;438;;21.05;;18.72;15.27;18.17;;17.23;16.16;16.46;15.61;16.6;14.24;;14.65;;;17.25;15.46;17.9;;23.06;23.78;;16.06;24.8
F;B;;0;0;H;0;1;1;;0;0.5;;431;426;12.58;17.16;;15.12;13.22;14.51;14.1;14.48;13.93;14.25;13.88;14.11;14.56;14.53;13.3;;14.01;14.57;;14.98;16.97;;21.74;21.8;15.88;21.75
F;B;0;0;0;0;0;2;0;0;;0;0;;;13.35;21.66;13.68;18.38;13.71;16.23;13.78;15.4;13.34;14.76;13.1;14.04;12.78;13.78;13.79;14.06;13.52;;13.56;16.01;17.94;20.46;21.24;;14.9;21.56
;B;;0;0;0;0;1;;;0;0;;;;;17.43;;;;16.16;;;15.54;15.08;16.74;15.22;;15.32;;15.62;;16.14;16.67;;;;24.46;24.17;;
F;;0;0;0;M;;2;0;;0;;;441;;13.03;18.92;14.1;16.54;13.89;;14.91;15.55;15.06;;15.15;15.03;;15.58;13.78;16.27;14.05;16.7;13.62;16.82;17.16;18.62;20.09;19.89;14.58;19.65
M;B;H;0;0;0;0;1;1;0;0;0;0;;;;22.02;;18.33;15.36;15.9;15.92;15.16;;;15.38;14.27;14.16;14.56;14.32;14.47;14.75;15.16;;15.03;16.47;19.48;;21.1;17.55;
F;B;;0;;0;0;4;1;0;0;0;0;;464;13.62;19.04;15.11;14.99;14.74;13.53;13.11;13.15;12.6;;13.84;13.26;13.46;13.43;13.6;13.41;;14.57;13.35;14.74;15.94;;;;15.3;22.03
F;B;H;;0;0;0;;;0;0;0;0;413;414;12.31;17.53;12.71;15.87;12.92;14.73;12.8;14.38;12.81;14.08;12.47;12.99;12.28;13.72;12.11;13.01;11.94;12.84;12.6;12.6;14.12;16.57;18.68;18.51;12.98;18.96
;B;H;0;;0;;;;0;0;0;0.5;;468;14.82;22.79;14.22;;14.31;18.14;;17.21;;17.2;15.29;17.18;;;16.55;17.03;;17.19;;17.39;;;19.49;20.64;;
F;;;0;0;0;0;1;;0;0;0;0;416;413;12.49;19.46;12.87;16.9;13.3;15.84;12.69;15.44;14.07;15.11;13.24;14.89;;14.36;13.6;14.49;14.41;14.07;13.05;14.53;15.15;17.54;18.5;18.55;11.93;19.43
M;B;H;0;;A;A;3;1;0;0;;0.5;;;14.48;;15.38;17.21;;15.73;15;;;15.61;;;15.5;15.1;15.36;15.44;;16.37;;17;19.7;20.86;20.99;;14.07;22.12
M;W;0;;;;0;3;0;0;0;0.5;0;420;423;14.18;21.81;14.46;18.23;;16.69;14.64;16.19;15.32;16.12;;;15.03;16.46;;17.24;;18.18;;18.42;;22.22;23.33;22.79;15.43;
M;B;;0;0;A;;4;;0;0;0.5;;478;;;18.75;14.8;16.91;15.08;17.21;16.45;;14.69;;;15.3;14.22;;;15.48;13.77;;14.14;;15.89;16.56;20.1;20.72;14.81;20.88
;W;0;0;0;0;;4;0;0;0;0;0;468;471;16.76;;16.22;;16.36;17.65;16.27;17.01;16.26;;;;;16.21;15.81;;;;15.59;17.76;;23.83;;25.86;;24.08
M;B;0;0;0;;0;2;;0;0;0;0;420;;13.76;20.7;14.2;17.58;;16.77;;;14.59;;13.84;;13.33;17.31;13.86;15.81;12.62;16.48;13.38;16.91;16;;21.54;20.85;13.2;21.45
F;W;0;0;0;;;;0;0;0;0;1;409;410;13.19;20.66;;18.07;13.81;;14.38;;14.33;16.2;14.53;16.58;14.16;15.43;;;14.44;16.15;14.59;16.64;17.74;19.65;20.56;20.75;14.83;20.69
F;;0;;;0;H;4;;0;;0;;423;427;12.43;19.57;13.58;16.76;14.17;16.12;;15.22;;15.6;;15.42;15.06;;14.71;15.05;;16.86;14.1;15.9;17.66;;22.92;;17.51;22.79
M;W;H;0;H;;;1;;0;1;0.5;0;472;;;;16.78;19.42;17.19;17.94;;;17.57;;17.15;;;18.11;16.71;;16.4;17.74;16.01;;;22.41;;24.77;;25.74
F;B;;;;M;;1;;0;0;1;1;443;444;;19.58;;17.26;;16.73;14.45;;;15.14;14.34;14.23;14.47;14.27;14.55;14.23;14;14.7;13.8;15.58;16.65;18.69;21.13;;18.06;
F;;0;0;;;M;1;0;0;0;;;430;;;;;;15.69;18.09;;17.61;;17.91;;17.38;16.92;;;17.65;17.39;18.48;16.82;19.18;;;23.88;;16.2;24.47
M;;;0;0;;;2;;0;0;;;;;15;22.72;14.7;;14.87;17.53;14.37;;13.92;16.79;14.35;;14.73;16.97;14.36;17.17;14.17;17.12;15.09;17.15;18.02;;;22.51;14.98;23.55
M;W;H;0;0;0;0;2;1;0;;0;;448;460;15.67;21.07;15.03;19.27;15.81;18.31;;;;17.04;15.19;17;15.55;16.96;;;;17.12;;16.77;17.66;20.87;21.93;23.06;16.78;23.61
M;W;0;0;;0;0;;0;0;0;0;0;460;467;13.29;19.4;;17.27;14.11;;14.57;16.44;15.37;;;17.22;14.99;17.63;;;14.18;;15.12;;;22.07;;22.37;11.39;22.72
;W;H;0;;0;;;;0;0;0;1;;;15.66;18.92;15.61;16.86;;15.92;16.56;15.66;;15.07;15.96;15.7;14.59;15.48;14.37;;;;;16.62;17.5;21.01;23.79;;16.46;
M;;0;0;;M;0;3;0;0;;;0;458;458;;;17.47;;17.1;;;17.19;17.02;16.68;17.49;16.42;17.29;16.2;;;;17.3;17.36;;17.84;19.32;22.87;;18.5;
F;W;0;;0;;H;;0;0;0;;1;448;447;16.12;20.89;16.01;18.79;16.08;16.87;;17.92;;17.18;;17.43;16.54;;15.33;17.74;15.59;;15.94;18.63;;;;25.61;16.64;
M;W;H;0;0;;0;2;1;;0;0;0;407;403;;;15.5;18.79;;16.85;15.65;17.3;;;15.5;;15.26;17.64;14.58;17.52;14.86;17.39;15.25;17.71;;20.5;23.91;;14.56;21.76
M;;;0;0;A;A;;1;0;;;1;;;;24.21;16.82;;17.16;;;17.67;;17.38;18.01;;;17.69;;18.45;16.84;;;;;;25.83;26.26;19.28;
;B;;0;0;0;0;2;1;0;0;;;;;14.22;20.83;;;14.48;17.48;;16.37;14.85;16.76;;;14.71;16.98;13.86;17.69;14.46;;;;18.25;20.82;22.01;;;23.58
F;B;;0;0;0;;1;1;0;;0;0;445;446;13.05;20.3;13.06;17.64;12.87;;12.8;15.88;13.25;15.09;13.19;14.81;12.82;14.71;12.63;14.68;12.47;15.13;12.85;15.11;14.57;16.91;19.98;20.1;14.16;20.83
F;B;;0;;0;0;;;0;0;0;0;409;416;12.97;18.89;12.96;16.27;12.54;15.29;13.21;13.94;13.53;13.95;;14.44;13.37;13.58;12.9;14.16;12.17;14.56;12.61;15.35;16.7;19.23;17.9;17.24;13.71;18.03
F;B;H;0;0;0;0;;;0;0;;0;467;471;14.48;20.41;14.4;17.49;14.96;16.73;;;;;14.71;;14.95;;14.62;16.09;15.39;;15.32;17.82;;;21.1;21.68;12.2;21.09
F;;0;0;0;;;5;;0;0;1;1;430;;13.44;20.43;14.18;17.22;15.23;;15.49;;;16.36;;17.21;;17.33;14.32;;14.77;18.66;15.09;17.92;;;;21.89;16.02;21.56
M;;H;;H;M;M;1;1;0;1;2;;468;467;16.19;;16.81;20.43;;;16.46;17.86;;16.77;16.05;;15.96;17.47;16.07;17.96;;;16.06;18.56;;;;25.05;18.04;26.75
M;B;;0;0;H;H;2;1;0;;2;2;503;;;;12.96;16.84;11.72;15.25;12.41;14.12;12.37;14.33;13.03;14.44;12.51;13.09;11.03;13.83;12.4;13.18;13.48;13.64;15.08;17.32;20.84;;;21.48
;;H;0;0;0;0;2;1;0;0;0;;435;426;12.68;19.64;13.15;17.53;;16.9;13.51;16.04;13.64;15.92;13.77;15.12;13.55;15.01;13.92;15.38;13.69;;13.8;14.21;15.18;17.83;19.4;19.12;13.37;20.15
M;;H;0;0;;;3;1;0;;0.5;0.5;;431;16.57;23.01;16.5;18.92;16.06;17.62;16.78;;16.91;;;17.14;;16.83;;16.82;15.68;;;;;21.48;25.31;24.76;16.83;24.12
M;B;H;0;0;;M;2;1;0;0;0.5;0.5;;495;16.7;23.21;;18.06;;;16.98;;17.47;17.62;17.76;;17.7;;18;17.9;17.62;;;15.67;16.51;19.43;21.71;;;22.62
M;;H;0;;;;;;;;0;0;;;13.93;21.37;13.2;18.19;13.13;17.33;12.64;16.26;12.69;15.42;13.53;15.84;13.96;15.82;13.89;15.83;;15.71;;15.3;17.01;19.33;19.76;20.28;13.58;21.12
F;B;0;0;;;0;1;0;;0;0;0;;453;14.97;21.04;;17.47;;15.75;14.52;15.51;15.28;15.15;14.94;15.53;13.82;15.44;13.79;14.82;13.55;15.21;;15.48;16.81;;;20.65;;21.38
M;;H;0;0;;;2;1;0;0;;;451;451;;19.64;14.97;22.16;;;;16.85;15.45;16.72;15.47;;;18.75;15.97;;;;15.14;;;;23.41;23.98;;
M;B;0;;0;0;M;2;;;0;0;;493;;11.38;20.57;11.36;18.24;11.92;;11.25;18.24;9.72;17.71;11.2;17.07;12.04;16.82;;16.49;13.04;16.2;13.43;16.64;16.97;20.17;23.91;23.98;14.46;25.01
M;W;;H;H;0;0;;1;;;0;0;;;;20.1;14.45;;14.86;;;17.28;;16.92;15.31;14.8;;15.77;15.92;16.71;;;15.13;;;23.52;23.44;23.4;14.25;23.59
M;B;;0;0;H;M;1;1;0;0;1;1;464;465;14.28;18.5;12.85;17.02;12.74;16.06;13.42;15.65;12.96;15.32;12.75;;13.23;15.54;12.54;;12.63;14.98;12.71;14.36;14.11;17.1;17.95;18.22;13.23;18.65
M;;0;;0;;H;2;0;;0;;;478;468;13.02;22.98;13.26;;13.62;18.63;14.17;;14.29;;;17.24;14.88;;;16.58;14.82;;14.37;16.25;15.89;17.92;21.42;;11.82;
;W;H;;H;0;0;2;1;0;1;0;0;418;421;14.8;;14.82;18.63;14.65;16.29;14.44;14.75;15.49;14.28;13.59;14.42;;;13.9;15.78;14.55;15.71;15.04;14.78;15.28;18.62;22.06;;14.02;22.71
M;;H;;;0;0;;;0;0;;0;469;;12.72;23.15;13.34;;;;15.23;18.42;15.81;18.07;;17.52;;;15.45;16.47;14.76;;;16.32;;20.31;22.69;22.83;;22.95
F;;H;;;0;0;2;1;0;0;;0;;;12.91;19.98;13.1;17.81;13.56;16.51;13.97;15.55;;14.49;;14.53;;15.33;14.8;15.25;15.04;14.96;;14.75;16.34;19.24;20.16;20.41;15.53;20.74
M;;H;0;;0;0;;1;0;;0;0;;438;;21.38;15.83;;;17.84;17.2;17.8;;17.57;16.95;18.14;;18.08;;18.75;;19.27;;;19.07;22.95;;25.42;15.89;
F;;H;H;0;;0;2;;;;0;0;384;385;;;14.57;17.86;;16.44;;;15.83;16.82;14.86;;15.37;17.32;;;14.53;17.92;14.35;;;;20.96;22.56;15.58;22.59
M;B;;0;0;;0;3;1;0;;0;0;;491;15.41;21.92;14.61;;;16.69;14.76;16.07;14.74;16.47;13.93;16.55;;16.78;15.21;17.37;15.63;;15.03;;18.68;;22.55;22.01;14.08;
F;B;0;0;0;0;0;3;0;0;;0;0;413;415;11.87;19.53;11.62;16.73;11.94;15.62;12.76;;12.71;14.38;11.91;14.09;13.87;14.11;13.47;14.64;13.2;15.66;12.86;17.06;17.61;;19.58;19.83;;
F;B;0;H;H;0;;1;0;;1;;0;412;415;12;19.42;12.83;16.6;12.93;15.07;13.15;14.47;13.01;14.65;13.39;14.24;12.92;14.08;12.73;14.08;12.7;13.49;12.6;13.27;14.14;17.39;20.51;20.3;14.23;
;B;H;;0;M;M;1;1;0;0;;;486;484;14.2;21.56;13.41;18.84;13.36;;13.77;;12.88;15.22;12.93;14.63;;;12.36;14.68;13.22;14.32;13.21;14.35;14.98;17.68;20.18;20.25;13.13;20.61
M;B;;;0;;0;1;1;0;0;0;0;429;426;;21.01;13.68;17.59;13.99;16.36;13.89;15.98;13.94;15.25;;14.92;14.78;15.26;14.21;14.95;14.38;14.85;14.58;14.41;15.64;;19.43;20.43;;
M;B;0;;0;0;;2;;;;;;;;14.25;20.95;13.72;17.57;13.18;16.15;13.77;16.5;15.06;16.14;13.57;15.8;14.12;;;;;;;15.98;16.12;20.14;21.3;;14.55;21.84
M;B;;;;0;;3;;0;;0;0;439;438;;;;16.91;14.7;16.19;14.42;15.17;14.4;15.16;13.69;15.41;;14.84;14.11;14.64;13.52;14.89;;14.87;15.41;18.36;21.89;22.48;16;
F;B;;0;0;0;;2;0;;;0;;447;439;13.96;21.58;13.91;;13.57;;14.18;15.91;14.2;15.82;15.19;15.06;;16.15;14.47;16.27;14.59;;;16.76;18.77;21.56;23.02;22.09;17.36;
F;B;;0;0;0;0;2;1;0;0;0;0;;427;13.6;17.81;12.99;14.77;;13.71;13.69;13.48;;13.26;13.13;12.99;12.91;13.09;12.62;13.04;12.83;13.61;12.33;14.06;14.74;16.57;18.44;18.64;;18.77
F;;;0;0;0;0;5;0;0;0;0;;430;427;;19.17;12.86;16.56;13.61;15.09;12.4;14.18;12.69;13.08;12.42;13.32;13.46;13.41;;14.57;12.89;13.98;13.8;15.39;17.16;20.33;;20.84;15.17;20.44
F;W;;0;;;0;3;;0;0;;0;;;14.12;19.92;;16.29;;14.7;15.09;14.3;;14.35;15.3;14.75;14.87;;14.94;16.38;14.76;17.28;14.78;18.71;19.63;;21.86;21.83;14.87;
M;;;0;0;0;;4;;0;0;0;0;443;445;12.86;19.36;13.42;16.47;12.99;15.54;13.52;14.98;13.25;13.79;12.61;13.55;12.77;13.69;12.23;;12.65;;13.19;;;20.43;21.46;21.99;14.86;
M;B;;;0;0;;1;1;0;;0;0;;;;21.76;;;15.36;17.96;;17.42;;;15.48;18.11;;17.77;;18.25;;18.91;15.9;19.09;18.97;20.93;22.76;23.41;17.87;
F;;0;0;0;;0;2;0;0;;1;0;348;342;14.73;20.83;15.21;18.4;;;;16.74;15.12;;15.35;16.22;15.41;;16.04;16.92;15.42;17.53;;;18.32;;21.32;20.85;14.67;21.12
F;B;H;0;;;A;1;;;0;0.5;0.5;413;418;12.93;;;;;15.73;13.52;14.68;14.51;14.48;;14.21;13.74;14.67;13.72;14.76;12.82;14.84;12.73;14.54;15;17.37;19.42;19.87;14.32;20.25
M;B;H;H;;;0;1;1;;2;0;0;414;421;;19.71;16.72;16.32;;14.8;15.98;14.16;15.97;13.47;15.31;;16.29;13.37;16.99;;17.29;;15.73;14.79;15.2;17.97;;20.57;;21.1
F;B;;0;0;0;H;;;0;;;;;;14.84;21.93;15.28;17.98;14.93;;;15.9;14.47;;;15.7;15.08;15.43;;16.07;16.5;14.89;;;16.63;19.93;20.66;21.66;;23.88
M;;H;;H;;0;1;2;2;2;0;0;463;461;13.44;20.5;12.81;16.31;13.58;;13.62;15.5;13.38;14.77;12.96;13.92;13.65;13.99;;14.16;12.92;;12.39;14.63;15.5;19.39;21.12;21.8;13.88;22.27
M;B;;0;;H;H;1;2;0;;;1;476;480;12.76;22.07;12.55;;12.9;17.59;14.15;16.66;15.35;16.61;14.4;;13.87;16.19;;;;16.09;12.86;;17.76;19.45;22.05;22.28;15.81;
;W;;;0;;;2;0;0;;0;0;450;;;20.98;14.48;16.37;14.59;15.4;;13.56;15.05;12.68;15.02;13.56;15.09;14.21;15.23;15.28;15.55;;;;18.19;20.5;;;;22.56
F;B;0;0;0;H;;;0;;0;1;1;431;432;13.22;20.41;13.9;16.44;13.77;15.66;14.12;14.84;14.51;14.45;;;;13.73;;13.53;14.81;13.96;15.4;14.44;15.7;17.55;21.17;;;22.24
;W;;;0;;0;2;0;;0;0.5;0;;447;14.67;;14.33;;;16.98;14.68;;14.42;16.24;14.67;16.07;14.22;17.07;14.35;;14.48;17.35;14.77;16.86;;;22.47;;14.22;
F;B;;;;0;0;1;2;1;0;0;0;;439;;21.16;13.74;18.58;14.63;;;;14.12;;12.76;16.05;13.2;;13.19;;12.9;16.3;13.18;15.26;15.08;18.73;20.27;20.65;15.62;21.34
M;B;;0;0;0;;2;;0;0;0;;;;14.76;21;14.12;17.75;14.1;;14.33;15.14;14.67;14.65;14.37;14.04;14.62;14.43;;14.43;13.52;14.53;;15.04;16.22;19.37;21.67;;;
F;B;0;0;0;0;;2;;;;0;;463;;13.14;19.45;13.82;16.15;;15.47;13.17;14.88;14.38;14.05;15.44;;13.93;;13.41;;13.87;;13.79;15.95;17.43;19.7;21.2;;16.06;22.6
M;W;0;0;0;0;0;3;0;0;;;0;420;;15.3;;14.96;;15.11;15.98;15.19;15.47;;15.73;;;14.43;15.14;14.85;16.13;14.57;16.06;14.99;16.58;16.63;20.19;21.84;22.9;;23.01
;B;H;0;0;;A;;1;0;0;;;496;;14.5;;13.33;18.17;13.89;;13.98;;13.91;15.02;13.15;14.56;;14.9;14.66;14.74;;14.55;;15.64;17.57;;;24.84;;26.64
;B;0;0;0;0;0;1;;;;;0;;;;23.61;15.25;;;17.63;14.32;;14.65;;14.5;15.33;15.77;;;15.46;15.09;15.34;;;15.59;16.83;;19.19;13.39;21.56
M;B;;0;0;;0;3;;0;0;0;0;474;;;;14.6;18.76;14.35;;13.62;17;13.44;;;;13.36;16.13;13.72;15.3;13.51;;14.24;;;;21.73;22.51;;
M;B;0;0;0;0;0;;0;0;0;0;;;;14.49;;14.18;17.3;;16.32;14.74;;15.31;;;15.6;14.96;;14.65;15.26;;14.95;;16.08;18.16;;27.11;26.22;15.01;
;B;0;;;0;;1;0;;;0;0;448;448;15.27;20.22;;16.59;14.39;15.38;13.66;14.76;;14.51;15.26;13.41;13.96;13.64;14.19;13.16;14;13.23;14.14;14.42;15.19;18.54;21.55;21.84;15.96;21.51
M;W;0;0;0;;;1;;0;;;1;455;;;;;17.47;;;17.21;16.45;16.93;15.27;16.56;15.29;;15.34;15.41;;16.03;15.98;15.65;16.3;16.76;19.12;21.51;22.65;;22.65
F;W;0;0;;M;M;;0;0;0;1;1;387;388;;19.63;13.5;15.67;14.36;14.95;;13.84;13.9;13.2;15.5;13.98;;14.47;13.81;13.95;14.74;14.55;13.76;14.12;14.11;;21.02;19.38;14.53;21.16
;W;0;0;0;H;;;0;0;0;1;;428;427;12.95;;13.92;17.71;14.59;;;16.28;14.82;;14.74;;14.88;16.33;15.79;17.39;;;16;18.69;;;23.43;;;
F;B;;0;0;;;2;;0;;;0.5;440;438;13.16;20.06;13.31;17.21;13.51;15.57;;14.92;12.45;14.42;;;12.46;13.28;12.2;13.5;12.56;14.25;12.12;14.95;15.35;17.31;19.34;20.52;;21.54
M;B;;0;0;0;0;;;0;;0;0;441;437;12.5;21.76;14.18;17.76;14.27;16.81;14.76;16.27;;;15.58;16.54;15.33;;15.13;;14.23;17.38;14.5;17.54;18.25;;22.86;22.35;13.45;20.88
F;B;;0;0;A;;1;;0;0;1;1;443;441;15.4;;15.17;20.04;;;16.19;;15.86;16.5;15.1;;;16.49;;17.03;;16.91;16.16;17;16.84;;22.31;22.11;;22.45
F;;0;;0;H;;;0;;0;;;417;418;;18.38;14.77;15.45;;14.45;13.87;13.64;15.07;13.57;;13.61;15.21;13.96;14.93;14.4;15.02;14.52;14.97;15.31;;;23.38;24.86;19.05;
F;;0;;H;;0;1;;0;;0;0;497;;;20.58;;17.77;;17.15;14.6;15.94;;16.52;14.14;16.28;14.74;;14.76;14.97;14.14;;;15.01;16.07;19.97;;22.54;14.7;
;W;0;H;;0;0;;0;;2;0;0;453;456;;;15.55;;;17;15.19;15.44;;14.46;15.6;14.36;16.01;14.53;16.29;15.2;;15.83;15.62;16.18;17.84;21.52;;;;24.43
M;W;H;0;0;;H;3;;;0;;2;420;422;;21.52;;;15.49;;;;16.63;16.78;;16.14;;16.21;;16.62;16.71;16.73;;;18.23;22.54;;;16.88;
M;;;0;0;;0;;0;0;0;0;;;475;;22.8;14.55;;14.58;17.46;15.08;;14.77;15.87;15.24;15.64;13.94;;;15.6;14.76;;14.27;16.31;;20.44;22.57;24.63;13.51;
;W;0;0;0;;0;2;0;0;0;1;0;455;451;14.26;;14.95;;15.59;;;;;;;17.78;17.35;18.46;;;17.08;;;20.37;19.17;;;24.79;17.7;
M;W;0;;;0;0;;0;0;0;0;0;465;463;17.51;;;;17.1;18.87;18.08;;;;;18.22;;17.71;;;17.35;17.18;16.18;16.62;17.41;;24.44;24.41;19.81;
;;H;0;0;0;0;2;;;0;0;0;;496;13.17;23.89;;19.34;14.25;;14.05;;14.53;16.88;14.67;16.41;14.84;;14.01;17.02;13.68;;;17.48;19.28;20.77;22.21;23.27;14.25;
M;B;;0;0;0;;2;;0;;0;;;461;15.1;21.17;14.62;19.33;;;16.06;18.41;;17.92;16.94;17.53;;;16.09;17.9;16.89;;;;;;;;16.99;25.32
F;B;;0;;A;A;;;;0;;0.5;408;;16.19;;16.34;20.4;16.62;;;;;;15.6;18.83;15.08;;;17.44;15.26;;;17.76;18.73;;23.81;24.28;16.8;
;W;H;0;0;H;H;;;0;;1;;447;439;;19.46;13.56;16.67;14.36;14.87;13.23;15.44;;14.11;14.62;13.87;;13.63;13.83;14.07;12.68;14.75;13.16;14.91;;16.82;;19.75;13.04;19.38
M;;H;;;M;M;2;1;;0;2;;411;404;;21.03;15.25;18.58;15.08;;;;15.14;;15.3;;15.67;;;;;;14.97;;17.89;21.13;;21.95;12.87;21.35
;W;0;0;;0;;4;0;0;0;0;;470;469;16.54;20.63;16.33;;;16.83;;15.98;16.89;16.56;;;;;15.4;18.17;;;;;19.37;;;;13.77;25.74
F;B;H;0;0;M;;2;1;;0;;;456;;;22.05;;19.58;;;16.84;17.65;;17.66;;;;17.12;16.05;;;;16.29;18.46;20.4;;;24.3;15.73;25.34
F;W;;0;;0;0;2;0;0;0;0;0;416;422;13.19;17.75;14.28;16.19;15.16;14.51;;14.2;14.8;13.97;14.86;13.82;14.67;13.95;;14.11;;15.39;16.06;16.33;;21.98;;21.98;14.72;
M;W;0;0;0;0;;3;0;0;0;0;0;440;;;;15.69;18.03;15.01;17.04;;;14.55;;14.47;15.98;14.56;;15.12;;15.58;15.28;15.06;;17.98;;23.69;;12.95;23.97
M;B;;;;0;0;1;1;1;;0;0;472;;14.67;20.63;14.31;18.36;14.47;16.88;14.8;15.69;;15.03;15.07;14.93;;15.39;13.73;15.56;13.15;16.31;13.11;15.99;16.88;18.61;19.45;;14.97;21.04
;B;;;0;0;0;2;0;;0;0;0;473;471;15.5;20.45;15.13;;16.51;;16.54;16.56;14.96;15.88;16.24;15.06;15.67;;;16.47;15.01;16.01;16.25;;16.37;18.73;21.33;21.26;;
F;B;H;0;;H;;2;;0;0;;;;;;20.02;13.85;17.05;13.85;15.82;14.19;14.9;14.27;14.25;14.32;14.17;13.5;13.29;;12.92;13.33;12.77;13.59;13.09;13.59;15.13;17.14;19.56;15.73;20.7
;;0;0;0;0;0;2;0;0;0;0;;447;450;13.99;;13.75;19.13;14.47;;15.19;19.84;;;13.79;17.91;14.29;;14.29;;;17.79;14.91;16.9;16.76;;23.9;;;
M;;;;;0;;4;1;0;0;;0.5;;;14.37;20.31;14.18;16.93;14.85;16.74;15.32;16.65;14.96;16.06;14.37;16.25;13.91;15.99;13.73;16.63;;;13.65;16.96;19.07;21.02;;20.27;12.27;20.62
;B;;0;0;0;0;4;1;;0;;0;359;367;11.99;17.87;12.62;15.18;12.5;13.64;11.93;13.58;12.46;;12.36;13.57;13.15;14.18;12.55;14.03;11.36;14.75;12;14.19;15.16;19.24;19.49;19.82;11.14;19.43
F;;0;;;;0;;0;;0;0;;395;392;12.52;;13.21;17;12.83;15.75;13.4;14.71;13.43;13.85;12.24;13.47;12.91;13.59;12.91;13.66;12.1;14.75;12.34;14.48;15.69;16.74;18.97;19.6;12.75;18.6
;W;0;;H;0;0;;0;1;1;0;0;;422;14.36;19.57;14.04;17.65;14.13;16;14.19;16.28;14.64;15.68;;;13.76;;14.04;16.34;;16.33;13.78;16.83;;20.53;22.95;23.77;;23.16
F;B;0;0;0;;0;;0;0;;0;0;463;461;12.72;20.92;13.57;18.26;14.31;17.55;14.93;17.33;16.28;;15.68;;16.41;16.6;15.56;16.85;14.98;;14.24;15.83;16.1;17.93;20.51;;;
F;B;0;0;0;;;1;0;0;0;;;;;14.59;20;;17.44;14.7;;;15.86;;15.76;;16.07;;15.9;;;15.82;;;15.87;15.69;17.22;19.02;19.77;14.58;20.59
F;B;0;;0;0;0;1;0;;0;;0;;;12.39;21.21;12.3;17.64;12.25;16.43;12.65;15.72;14.05;15.84;13.39;15.92;13.63;15.31;13.9;14.51;12.9;14.94;13.18;;16.45;18.79;19.88;20.88;;
;;0;;0;0;0;2;0;0;0;0;;456;452;;26.04;18.23;;17.83;20.97;;;;;18.88;;;;19.1;22.63;;23.06;17.19;;;;;;;
;B;0;0;0;0;0;;0;;;0;;412;419;12.46;19.81;12.62;16.98;12.63;15.11;12.74;14.09;13.78;13.56;13.58;;13.23;13.94;13.16;14.22;13.6;14.35;14.36;15.16;16.3;18.57;20.01;20.44;;
M;;0;;0;;0;;0;0;;0;0;447;447;;;;;15.23;;14.23;;;16.65;;;14.48;;14.52;16.74;14.01;;13.95;16.83;16.15;18.76;;;14.97;
F;B;0;;;0;;1;0;0;0;0;0;;432;12.87;21.75;12.84;18.05;;17.44;14.17;16.94;15.34;15.32;;16.22;13.38;15.11;13.18;15.04;13.55;15.25;13.42;15.01;16.01;;22.68;;16.56;
M;;;;0;0;0;;1;;0;0;;453;452;16.24;20.86;;18.23;;17.19;;17.46;16.59;17.5;;17.28;;16.99;18.08;;17.62;17.28;17.13;;;22.29;;22.94;14.66;
F;B;H;H;H;0;0;1;3;;3;0;0;428;;12.92;21.1;12.62;;12.17;17.31;12.14;16.53;13.28;15.36;13.15;15.33;12.21;16.05;12.98;16.07;13.24;15.38;13.67;14.73;14.75;16.59;20.16;21.33;14.77;
;B;;0;0;0;0;;;0;;0;;;;13.23;19.72;13.04;16.67;12.94;16.04;12.59;14.74;12.51;14.56;12.25;14.2;14.03;;11.91;;12.44;16.24;13.36;17.57;16.53;;21.8;21.09;12.94;20.9
M;W;H;0;0;0;0;2;1;0;0;0;0;427;428;14;21.72;;17.21;14.66;17.04;14.07;;14.03;16;13.82;15.65;14.5;16.06;13.77;15.79;13.73;;;15.88;15.91;19.23;21.1;;12.45;
;W;;0;0;0;0;;0;0;0;;;443;438;15.62;21.15;15.63;;;;;;15.17;;14.09;14.84;13.93;14.16;14.72;14.83;15.34;14.88;;15.09;16.72;22.03;26.01;25.01;17.59;25.79
M;B;0;;;0;0;;0;0;0;;0;;489;12.74;22.21;13.32;;13.72;;;16.76;;16.03;14.4;15.84;15.08;15.18;14.41;;14.38;15.89;14.69;15.8;15.76;17.09;20.87;;17;
M;B;H;;0;H;;2;1;0;0;;0.5;404;407;;;12.54;17.27;12.43;;12.87;15.53;13.28;14.76;12.21;15.05;13.09;15.15;13.42;15.26;;15.74;14.41;14.86;;17.57;18.48;19.53;13.46;19.23
F;;0;0;;;0;5;;0;;;0;430;421;13.24;19.53;13.76;16.25;13.95;15.28;13.16;15.21;13.7;;13.5;14.65;;15.12;;;;;12.61;14.53;16.99;;;;15.3;20.94
M;W;0;0;;;0;2;0;0;0;0;0;407;427;13.11;18.09;14.28;16.05;;15.21;13.92;14.49;13.55;14.04;13.27;13.41;13.76;13.97;13.72;14.78;13.76;15.06;13.36;;17.17;19.66;19.93;19.84;;20.55
;B;;0;0;0;;;0;;;0;0;;;;20.8;14.96;17.94;15.02;16.5;15.59;15.58;15.21;15.07;;;14.32;15.51;15.89;15.17;;;;15.44;16.07;17.79;21.15;21.4;16.65;22.76
;;0;0;;0;0;4;0;0;1;0;0;;473;;21.75;;;17.57;18.61;;18.09;;17.26;;17.25;;;17.08;17.96;17.16;;;;21.85;;;24.64;;26
F;B;0;0;0;H;;1;0;0;0;;;436;432;13.75;;13.44;17.59;13.7;16.54;13.97;15.79;13.42;15.44;12.49;14.96;12.98;;12.32;15.87;12.66;;12.62;;;23.3;;;13.97;
F;W;0;0;;M;;;0;0;0;;0;438;;14.91;20.87;;;;;;16.91;15.37;;;15.91;;16.27;15.72;16.54;;16.74;15.85;15.99;16.96;19.51;21.2;;15.39;21.43
M;;0;0;0;;H;;0;;0;1;;479;;15.11;19.82;;16.68;14.32;;15.15;14.9;15.75;14.06;16.11;14.21;15.35;13.75;14.91;13.9;13.39;14.5;13.33;14.57;16.18;17.79;21.35;21.99;14.49;21.78
M;W;0;;0;H;0;;0;0;;0.5;0;490;;14.31;24.2;;19.82;16.3;17.75;17.19;;;17.04;;17.4;;18;;18.48;;;;;18.17;;;23.67;;23.79
F;B;;0;0;0;0;1;0;0;0;0;0;438;433;;;13.61;17.98;;17.52;13.91;;13.95;15.31;13.97;15.69;14.83;;;16.02;13.62;16.95;15.11;;18.62;21.53;;21.66;;
F;B;H;0;0;0;;1;;0;0;0;0;;407;13.07;17.68;;16.44;13.92;14.99;13.42;13.77;13.27;14.18;;13.18;13.28;12.83;13.88;12.92;13.57;12.64;13.27;12.61;13.33;15.82;17.46;19.32;15.38;20.06
M;W;H;;;;0;2;1;;1;;0;416;;15.19;21.27;16.41;18.58;;;17.18;17.9;16.2;;;17.57;16.83;17.67;;;15.88;;15.14;;19.24;21.44;21.53;;13.86;21.83
M;B;;0;0;H;;3;0;0;0;;0.5;;;16.65;;15.39;;14.01;18.39;15.24;17.27;16.05;;;14.62;15.52;;14.69;16.24;;16.06;;16.99;;;;23.91;18.66;25.24
M;B;H;;0;A;A;1;1;0;0;0.5;;507;;15.62;22.1;14.86;;14.14;16.63;14.44;16.94;15.01;;15.38;;15.86;18.18;14.55;18.29;;;15.3;;;;;24.01;14.54;22.9
